,"q (alpha=1.8, T=1.8e+1, from s_i)","q (alpha=1.8, T=1.8e+1, from s_j)","q (alpha=0.2, T=6.0e-3, from s_i)","q (alpha=0.2, T=6.0e-3, from s_j)","q (alpha=0.2, T=2.0e-3, from s_i)","q (alpha=0.2, T=2.0e-3, from s_j)","q (alpha=0.2, T=6.0e-4, from s_i)","q (alpha=0.2, T=6.0e-4, from s_j)"
0,0.4723848080845902,0.5384475428507959,0.2008908695072547,0.25998344576591154,0.3911071395275078,0.41156936977767944,0.6625820352210218,0.6741981169073122
1,0.5967157156031648,0.5359118415054939,0.21612673136776445,0.23498590988346132,0.3522506213728715,0.41668323853289274,0.6922064031264108,0.7055139185128825
2,0.5138222918883159,0.571140528691758,0.2712013082114634,0.24344966275100077,0.4462970360368067,0.41954282358684514,0.6902987985066921,0.6925258510580169
3,0.5516336363393348,0.5521141181817901,0.21212515840630428,0.31871766891362446,0.3710364818101524,0.43438031155000784,0.6633860587820439,0.7047463119914401
4,0.5950337121467,0.5344364659207488,0.22876857564499442,0.25175687096728966,0.4028825429404014,0.3971221912843399,0.6854618544695064,0.6849936087384395
5,0.4996942710935602,0.4981460644178198,0.22548208083398935,0.2822920228845056,0.39195769240474027,0.4235161840300964,0.6661920637919694,0.708285932180934
6,0.5205459492483531,0.5068749420175038,0.2601631847167064,0.24749691575714033,0.3788234733700201,0.4035818530988031,0.6822537861298819,0.6854690842041946
7,0.5489269457423521,0.514944813593101,0.21139115062312133,0.27069373929640445,0.3806158093852606,0.41608990326754264,0.6551982638909888,0.6921926241678976
8,0.47105168890747146,0.5300950717318835,0.18088801442802174,0.23552903818754076,0.3918420580732103,0.4248849319363938,0.6763276346537603,0.674654906365895
9,0.5466409037705855,0.5138893708430645,0.25510504817373236,0.2464354843781632,0.37159948823734185,0.41940031588287335,0.6856715071769812,0.6902764518325458
10,0.4516401318919695,0.4533156563177541,0.2014537836938495,0.26414217678853147,0.44523279243812536,0.4258718680808897,0.679214118229088,0.6540650135514869
11,0.5583319823605619,0.5258854244168704,0.2561159513141169,0.2868758023372184,0.32136073253000047,0.42158121385061054,0.7185272693713057,0.6874296536400086
12,0.46838139464002415,0.5240723670179426,0.28812322017158287,0.2732888188468439,0.3729199061835412,0.3861928035780498,0.6758505655127552,0.693865484196035
13,0.4962683313026091,0.524245445485134,0.2242860861244106,0.2868919113504847,0.38105636833897777,0.4237045202690236,0.6651876307642743,0.6994587667470678
14,0.5675552420508612,0.4678398067932491,0.2551606907591452,0.2273923789922613,0.382963988857421,0.3955534735123847,0.659693307443778,0.6769455276778162
15,0.5459824978795206,0.5372428861218366,0.25557145938897363,0.20180048238061546,0.3887437021333589,0.39957803944175624,0.6783897298530358,0.6884514255804133
16,0.5848396258984482,0.5302893688509366,0.22324326769389943,0.27593434587765425,0.3542097504614482,0.42795869024228167,0.6735735630625929,0.6841658238330572
17,0.4879246234541883,0.5302523002271347,0.24655895927577445,0.3019252027818202,0.3823536435725887,0.4189598099766478,0.6289480247626535,0.693209959820352
18,0.5368098882393568,0.5002326443938405,0.2783688605335569,0.24274997128738418,0.39750627761996,0.42183584119830314,0.6781926133260174,0.6961961354644537
19,0.48290755329025126,0.5166687681887123,0.2583220105917264,0.2737616648143169,0.37095879267954335,0.4483221946703118,0.6886346322593384,0.6851609628966814
20,0.5210385694671846,0.4874249895970843,0.2454414205385961,0.24381888934436485,0.3782660840546791,0.38366309988641895,0.6925119092584565,0.6676719472571613
21,0.5785512301652265,0.5462379643335911,0.24393202959317103,0.23831787557431686,0.3573010626251895,0.42786794097767605,0.7042294618190603,0.7081567345392117
22,0.4617275434847591,0.5660199246675337,0.19612341871776753,0.2084387583442248,0.3497972327026896,0.38733183556679596,0.6928603366891635,0.6742858788772312
23,0.5403255359399188,0.5260923280984806,0.21483468921641996,0.25020276570525857,0.3904180187785961,0.42946228522413116,0.6936926791179409,0.6832883851137902
24,0.5015701979008236,0.5597198882643241,0.2495742761118499,0.2616448471276849,0.38679806522421595,0.4590782492804824,0.6902364843791187,0.6811203113262222
25,0.5371654068982787,0.5283807941540816,0.20166033931760727,0.19849801151445648,0.35913925467700186,0.3598215484775367,0.6587689780976822,0.6266441311972388
26,0.515791576770673,0.5819835593239544,0.25231675461984027,0.22343435825591554,0.4033017560011675,0.4164557645607622,0.6642849104684485,0.6622426569587897
27,0.5113180642598246,0.5225518352759482,0.2192779407492783,0.2418504313497845,0.39245886165819466,0.43377854125736104,0.6537936612420077,0.6800092177488444
28,0.5636337327508284,0.510482118974589,0.18801785662976694,0.21987736222791576,0.42602171240639075,0.39890702565215064,0.6710286979095037,0.6502830509144288
29,0.5812770565231871,0.5306341602152111,0.25050002450051406,0.2735269644280903,0.39774338364435247,0.38480442116477087,0.6558566596286948,0.6789463692741636
30,0.4811430671193791,0.5638064533495692,0.20457424685068587,0.1953753167484768,0.43510126278109923,0.3859112812541003,0.6506979282627702,0.6532242548262416
31,0.5492906258331732,0.5551153648362046,0.21500230498545744,0.2315926382544122,0.42287319203405815,0.35381189466836027,0.6543258666800588,0.6393337003685923
32,0.4904175237290013,0.5209272233240297,0.19390389984283884,0.2264560456791569,0.4648841450972402,0.3821837382430991,0.6509592329588221,0.6285755882499551
33,0.4823425133360645,0.5593415916498173,0.2368224412609285,0.22043093181058096,0.39764047582712586,0.3749635618046542,0.6730240208172126,0.6400215260237557
34,0.4741011754766155,0.5017443476212319,0.21681943175666651,0.222784423556836,0.42111900925006385,0.41337476196455253,0.6832047121070499,0.6213201322253146
35,0.503476822097288,0.5740485088792896,0.21384519537006136,0.2156892998199936,0.3920979024135893,0.3636591261757048,0.6866168985593828,0.6473614114486425
36,0.5110831510995435,0.5459733921037961,0.2105608851761545,0.25942266241163076,0.40811452187705755,0.36795047819767224,0.6445614065613997,0.6661232161962303
37,0.503580281059547,0.5954257001834232,0.27245628083374124,0.2492116513482306,0.414169824633114,0.40917089489427305,0.6964625239523448,0.6662503084969484
38,0.5240707468383118,0.5045220912654999,0.2319786815810087,0.22864495169630808,0.42016165384473175,0.3759639912897766,0.6459708875108993,0.6302754185049378
39,0.5339984037936497,0.5529427633186896,0.2432245186487127,0.2673345055798563,0.38753825310693424,0.35340122401197777,0.6564789266665297,0.6808224444155461
40,0.5323403098295136,0.5770583919599845,0.3077026149618571,0.22769862062845397,0.40308822349295026,0.36146410034094095,0.6814475696169079,0.64423695264826
41,0.4844721237681903,0.4933844551687225,0.22692814213720353,0.28395285401594783,0.3604262459550445,0.3792982624825229,0.6717390736605209,0.6504028977230504
42,0.5095367562564389,0.5754161642042829,0.24628896546313578,0.2153779166198611,0.44793873476783885,0.3968740777366371,0.6518572439254848,0.6521787372349359
43,0.4764112052127504,0.5437192845533736,0.18837202305203687,0.23026741619304042,0.3867538125603744,0.41822171771043787,0.6466077793935474,0.6426467727066484
44,0.5150209284734314,0.4988795782961005,0.2259863458445534,0.20883068346796743,0.46025155985360316,0.37423977695526056,0.6592760843333398,0.641727781806064
45,0.5569054927978947,0.58514925054839,0.2543517848175063,0.22986397339675976,0.41509319423263236,0.4310191764840938,0.6693430289677392,0.6424528249096176
46,0.5306189890292214,0.5249741749126803,0.22019374836791805,0.22453940215734833,0.3942071807164008,0.4014687984058091,0.6808096544061852,0.6599124063026724
47,0.5418671631983487,0.5532765952286107,0.20226358619753868,0.2795968964384178,0.40664437309666085,0.4056056279312022,0.6795525312616609,0.647655031031917
48,0.5184009523037629,0.5631682149539534,0.20296403864889448,0.18595621806748722,0.4318916822955829,0.392069238560888,0.6404958612802774,0.6186606430282038
49,0.5410603478986434,0.5587116290970149,0.25456396684038934,0.23838537689952707,0.3664452471242002,0.4145354837724542,0.6774375820427654,0.6507316268510017
50,0.5646323484908778,0.5294747945796822,0.26131941982127355,0.22127199769539702,0.41008268443786955,0.4270983860900411,0.6592080196340514,0.6631908179474472
51,0.5746627714113197,0.5250540501474237,0.2725442176304251,0.2692971640912952,0.3818642165185723,0.4006768130081079,0.6915177810919592,0.6487022626403149
52,0.5780146675572996,0.5227806959799473,0.2559056837643222,0.22222207570169183,0.41593508722368694,0.4076852983475162,0.6825887068088518,0.6703944676164587
53,0.5261238845117241,0.5603100648354474,0.29970474753483334,0.19037820275269815,0.33064851821537905,0.4316683221228527,0.680367021600666,0.6825620534956266
54,0.6363361992521281,0.5408016912415364,0.2753989677933837,0.2770019254151423,0.4359177437739394,0.4510247729843161,0.6905902085999922,0.6932363421204885
55,0.5479021642195541,0.567549052499762,0.19915833456098683,0.1970849963199285,0.3763680951648071,0.4059610110549193,0.6445143441124049,0.6616379604803782
56,0.5546865526253801,0.5356799281362853,0.26251409045475615,0.22934532511269282,0.3834461900703669,0.38678943581702824,0.697115240587893,0.6696527353308656
57,0.5458457389672731,0.46657957224251345,0.23235500031386574,0.2188411026598181,0.35615029789687175,0.4034255316195152,0.6735873289107784,0.6543957873588551
58,0.5691502240991523,0.5302856248861472,0.261833400728062,0.2283898406947539,0.42308706369558075,0.3977544836108782,0.7029141915943115,0.6630928790532056
59,0.5640590379181026,0.47350152095380255,0.2154316849393965,0.24415080860212543,0.3570368088402341,0.4191935716526602,0.6654736791983226,0.6797469048492526
60,0.551066001845545,0.5437290991175769,0.2664614438091678,0.2631179495547451,0.427949309424556,0.3999367544335864,0.6903204730636653,0.6781560522093679
61,0.5284809265418516,0.5150714799839513,0.2572558037286751,0.2419724203297817,0.38975419966476793,0.3629524430407335,0.6732817675010309,0.6576214812578912
62,0.5382568042152829,0.5151573271682629,0.25841325585751357,0.23022635988439488,0.4155131892501328,0.4348087274927788,0.6507889049812193,0.6787998651150506
63,0.5741552512984361,0.5048810213530895,0.24808031428317967,0.23827155550358,0.3825222499170852,0.39951961689846,0.6921114688344563,0.677636142348745
64,0.5340379572404018,0.5094367719608832,0.24321038046301338,0.2178302232395792,0.4174643332001486,0.4256547947407437,0.6362198639049087,0.712758991005529
65,0.5488611730284916,0.5332575610834249,0.1923982322570053,0.2441678279717585,0.3947561240206958,0.3697123940356776,0.6403517587086467,0.682019797091095
66,0.519054963278477,0.49337594893890924,0.23894353990644795,0.2270721013818305,0.4291349859216524,0.4067616166416473,0.6834266648214978,0.6767249588373326
67,0.5551423356482064,0.5245306656920798,0.27095055833520765,0.26566208566929317,0.3941179318347009,0.38230798115986653,0.6828132997666116,0.6683957646965805
68,0.5846950863894991,0.5676255721139357,0.23133721018995143,0.23497847335090505,0.3907627609091074,0.45201782471154967,0.6826795516694782,0.6780804373412144
69,0.5017287185001941,0.500212843039412,0.27462326216697136,0.1814013060649681,0.46914316504907716,0.37642727087594,0.6703805692663387,0.6641702926230879
70,0.6056509067342858,0.5196003960526695,0.2280770902883569,0.22482308322458316,0.4346095818988253,0.43931306068822656,0.6762374660629391,0.6562818774528031
71,0.5749805790085574,0.5358013552233529,0.22025006517242177,0.24299368330129922,0.41490367327991173,0.4423312508712693,0.6481464382862941,0.6655980277017314
72,0.5518554422404758,0.5720996747353557,0.2770787078410694,0.22994889364504492,0.4141170077357291,0.41420206807518994,0.6921484449619877,0.6884971352860567
73,0.555032066073465,0.5568671121755309,0.2703350461934066,0.15616865570856184,0.34526168376228605,0.4445998646290137,0.7017621624277683,0.6400316866913783
74,0.4879989529495756,0.551453983617189,0.2693633591389389,0.23302225062187812,0.42713975267829757,0.3939749560305324,0.679023075457926,0.6686821660775337
75,0.46113714675053213,0.5673125011683722,0.20297930716767965,0.24471539267001333,0.4534074247092996,0.42652355282502574,0.6668995467708296,0.676544170491703
76,0.5369475794814688,0.564673006060243,0.2874614882491328,0.23185575960797744,0.39633478296384816,0.4019001254362898,0.6838751904365007,0.663773756019423
77,0.5005822723040835,0.552386798719525,0.22604579625356175,0.2156073784853738,0.42108993117649546,0.3941643607334515,0.6617167863962571,0.6556383953524819
78,0.4963798888057854,0.5719195969836144,0.24367891318105261,0.24455371920141972,0.39296126992336083,0.4327640929656049,0.6857506973238839,0.6943811097332677
79,0.5038333576812338,0.540960616343991,0.2142796399988487,0.2369652193199548,0.36605491037261617,0.3980650042379218,0.6743180410388172,0.6592743431422016
80,0.5051723452965774,0.5767613247966581,0.2865072511109788,0.27923577491165735,0.3972047332037674,0.4145100950518542,0.6947454510947594,0.6737541172729479
81,0.4936184139469459,0.5233698955328051,0.25065001144388,0.23042586711618254,0.40176885389881567,0.4183001948482049,0.6789479052466013,0.6605432353010411
82,0.4991122126749374,0.552476118316278,0.26005702688377036,0.25611929934695143,0.40092990875024775,0.4458238559624848,0.6801807448848141,0.6872778662860884
83,0.5531067728764402,0.5189933010646256,0.34147352043252077,0.2393197684686453,0.4025068292330894,0.4076041912161242,0.7098680610804705,0.6983500518694282
84,0.4751749200129379,0.534410178855405,0.26426889188668135,0.19281987431173217,0.33593164682748144,0.3985610662479522,0.6666344090752959,0.6747678188458328
85,0.5406423351243177,0.5546278395391877,0.26498592860229553,0.2377699289929703,0.3827671478976737,0.3839278654746999,0.6796858503700206,0.6558999643943888
86,0.5061291643586034,0.5602664173510148,0.23148820852522747,0.2970418976550146,0.4440360966678017,0.41831644603554685,0.6697598495372225,0.6768158492149127
87,0.5008535505739699,0.5740341334068578,0.25219978370115126,0.21944070374963603,0.42712371850260306,0.42098274071042907,0.6783169926962008,0.6718937416569144
88,0.5493824006736386,0.5619178359559536,0.2133804947730903,0.25530503522684067,0.40184344666653776,0.4138337694188985,0.668734132174431,0.6978447023957832
89,0.5312185594219492,0.5463606619266188,0.2608097979204008,0.2667613685255998,0.41032719884922686,0.4421251924330442,0.6893285124081756,0.6483762022106164
90,0.5486062492656204,0.6285365676687676,0.24408140279935575,0.28710913110274655,0.413471805056351,0.4172314222679128,0.6936812890938356,0.7041523733866005
91,0.5237048617350287,0.5130421990779842,0.22525231144420257,0.21315166154220552,0.44685713507842706,0.3989000758894321,0.67998594257624,0.6701943069879224
92,0.5340815406124098,0.5231935601723304,0.2596535036064564,0.24368021007827678,0.4316429580500863,0.41231590334902896,0.6944407271292008,0.6875904822463773
93,0.5580079600396678,0.6405977269242644,0.24568177543937156,0.23405484337565738,0.4086637115127221,0.44244432427796726,0.6873532930864831,0.6458342408673038
94,0.587303241087116,0.5679376654369035,0.24604935238351924,0.24285025807660757,0.41438098935153944,0.41580802777024745,0.7222785424344952,0.6689104543766218
95,0.4926322944538233,0.5501326909332712,0.27472514752162164,0.2398745205009936,0.37387428286779983,0.4125191467321822,0.6684772280184389,0.6784658675036919
96,0.492884104613932,0.5654726914324055,0.25054474472949007,0.24082927270325805,0.3843091933458532,0.40361499001234136,0.6766127266774206,0.6874416192185123
97,0.5539674439020563,0.4991436795436427,0.26675032919945796,0.2242926588038139,0.4289129539585794,0.4102638985984711,0.6950534945396433,0.6764604579561055
98,0.5396433774737674,0.5549005913668081,0.23492653145357648,0.2382961203086329,0.4113011472164797,0.42352210157311565,0.6674368011762005,0.6652127135722044
99,0.5154853863253724,0.571152716816849,0.23776076089271508,0.23270237909650768,0.3832166572380876,0.39925108397885517,0.6701895726672802,0.6820883812767214
100,0.480271643460986,0.5273421435625637,0.22365285644121335,0.24521191574463672,0.40127978623870286,0.3920929423371221,0.6740738069117137,0.6611463107756047
101,0.4994360348298214,0.5399749783614777,0.2342321502503947,0.2700982259353717,0.406450703465967,0.4510830878655683,0.7071411667715019,0.6869957183565875
102,0.49885820219460775,0.5306523352866459,0.26604004544417914,0.21048263776079112,0.3712555183981357,0.40880456295214507,0.6753285601827264,0.6803184870044771
103,0.4848819800103745,0.517551697182772,0.27796810022312524,0.2676534444302063,0.4202308176340769,0.4021464929254021,0.6732924031779499,0.7155729783891768
104,0.5666865059382227,0.5060274057510126,0.1989804152800514,0.29761863729271526,0.43922298763802625,0.43398620486090245,0.6714636407934714,0.7031924097580039
105,0.5491607374512761,0.5114315988343502,0.2523351819111703,0.2286064465865349,0.3868923931267148,0.40439064344154607,0.6605646904720883,0.6910450373616157
106,0.6057636307641685,0.551734101805659,0.2101307865332412,0.27279260912892117,0.36517396094160454,0.38645842633754784,0.6652333358085889,0.7039409238991814
107,0.5577274346100111,0.5255288726375557,0.25611324968884724,0.27638918070909435,0.4049424082468055,0.38765347956854024,0.669316235386644,0.7002865710410546
108,0.5357974053447281,0.5527465874478976,0.2592743443296155,0.2462631172360417,0.4127995500587798,0.43785204496361585,0.6603811730398509,0.6962922467445782
109,0.5172884185758249,0.5424227378965023,0.25118431951660275,0.26451220678451093,0.42654863902665174,0.43806491841725154,0.6855333628835989,0.6743189384468832
110,0.5145367527283459,0.5014568964343016,0.2176485622717889,0.25019593651421757,0.43972732692712374,0.4188420940806186,0.6574746864052298,0.6566999632291102
111,0.5623842553082055,0.5670016172348135,0.26045546615838,0.23700969133486427,0.3872012152120057,0.4250928192396835,0.6793355044458428,0.6951587216728625
112,0.486574479575883,0.5373215627818765,0.27997340394482095,0.26844890757280837,0.4248742410728964,0.39402959797575016,0.6961620801261706,0.6855046199525792
113,0.5233351007116025,0.5209784456054583,0.2578272248156099,0.2216044584459444,0.4723295206347458,0.42824148175706167,0.6913693612723294,0.6651752073646819
114,0.5472358662284975,0.5339970793587828,0.27690590004531795,0.20188130546155586,0.4223639182697666,0.4381358258134884,0.687096166030006,0.6725735738892492
115,0.49371216602631357,0.5514083102489067,0.2929299007828083,0.2521728131264999,0.40129500935434415,0.4081229957315316,0.6891828964729066,0.6907053385595319
116,0.5252824943946233,0.5450581136008323,0.2284000174900649,0.21230493734776154,0.4497166730812929,0.4536046433695988,0.6714505067795534,0.6718006343568765
117,0.5577166996218256,0.5514503562574274,0.2590947487418401,0.2460540023513229,0.4067145908009916,0.4157989168038767,0.7080436212177399,0.6425020629199938
118,0.5243854517724728,0.545618713090718,0.2572905714864958,0.1678411364121065,0.42321146096074935,0.3993833984718373,0.6892131653672134,0.6355767293037569
119,0.5011904949018868,0.5351612344551631,0.21597237814025552,0.2813929078404157,0.3961961363268674,0.45182679475014065,0.6825500912312485,0.651347299237764
120,0.49664039277965993,0.4631510691213901,0.229580301403802,0.22499543313166256,0.42052798520729345,0.4244265582265766,0.6950812903795273,0.6372572441015387
121,0.5525925755686313,0.513041207987776,0.18729207204159987,0.2857081267037455,0.42491311449785485,0.38202420289582495,0.7027233051290196,0.6693562855419586
122,0.5095819521944321,0.4883037659793264,0.2363716516839249,0.21465592082937204,0.41660786107842795,0.392157831779867,0.6973966497186991,0.6902649157834748
123,0.5463725290097138,0.5293454289534923,0.23660141809877105,0.2322059480000705,0.4205816708000896,0.43686449458579646,0.6841591318676692,0.652872640062983
124,0.5463130309000469,0.5069416808993062,0.2785866573276339,0.28395435181688994,0.4246908198747214,0.4305045597489247,0.6966429747357727,0.6678320846696159
125,0.5018166399285732,0.45619730618590054,0.27954802130894185,0.24273922471166068,0.4497919098183924,0.4302740980134986,0.6967669060229305,0.6845831765537385
126,0.557494290825997,0.5198505105961169,0.19832221819176643,0.29804291400555316,0.41267934108957477,0.42245602946371363,0.6908116159673475,0.6828795853958594
127,0.5452350176890536,0.5417677382373313,0.22517095405209892,0.24110994418784695,0.46480596453992606,0.4073453407184189,0.6873584030622609,0.6467769485525137
128,0.545684040582268,0.520474322859763,0.21629278303719987,0.19968369808226968,0.42478458373726014,0.41464393118954995,0.6784638096552393,0.6413481160009474
129,0.5268133219387408,0.5548704429242703,0.24478609320584707,0.22601365715203067,0.4242905732713486,0.40107283057175747,0.6741867675669929,0.6732847220094188
130,0.5552320399705116,0.5238216510181315,0.20491440732822813,0.22805502783565096,0.4509478249426898,0.35618319968583106,0.6565007447113931,0.6530778722134603
131,0.5750995535500465,0.563456204182092,0.2859134253540608,0.15242403810967853,0.3995701129471829,0.4733616174908394,0.714302611815586,0.6455069567027398
132,0.5080965252322203,0.48506336671163114,0.263308023974982,0.23670067666009714,0.40516159548570013,0.4146939301659176,0.708729901720295,0.6646838511957193
133,0.5122794260252117,0.4795254621400048,0.2381901036963067,0.2811524748481766,0.38446138851343037,0.3931626487696297,0.6934561190326753,0.6656171385216714
134,0.5427149995545252,0.5177176694084861,0.24673795865302892,0.2062947980326537,0.40872082385774866,0.4405601041985192,0.6841494785190334,0.6721306027969793
135,0.579817741315622,0.525397944503348,0.1959437245054737,0.2428662882759998,0.4164727810491339,0.41173068359933845,0.6702531525851109,0.7027119381267449
136,0.6144683263204882,0.5266330263803095,0.2744591732857273,0.2146840226051439,0.447413274178115,0.4077120018977321,0.6738287339787778,0.658925610283289
137,0.5511361561318882,0.5159647164838573,0.2276283801491419,0.19881701794451204,0.43902146858465957,0.37144013309636564,0.6644545529458965,0.6721432993571508
138,0.4986202963435616,0.5146189619080848,0.23527404145899855,0.271726681902278,0.38283074942434014,0.40035457669707714,0.6735482559316158,0.7022022883218376
139,0.5426845924963153,0.4866707478660786,0.20280219976024652,0.2390670222070026,0.39263387851285453,0.3584593484066115,0.6638612840199695,0.6734871180958707
140,0.526273598798818,0.5358055680310779,0.26129871066249244,0.24906093144472838,0.4194910352123914,0.37521568767087804,0.6750778606229568,0.6731160632222362
141,0.5274372088573981,0.5331366322306997,0.2526437576131542,0.24373089211921312,0.44253929939702863,0.41501982943719334,0.6776875574242854,0.6828663402959105
142,0.48804343408624035,0.5622109380561757,0.21889864991272615,0.2725724259207171,0.40345809227866575,0.359311005056639,0.65011471961891,0.6674949048226269
143,0.5132264566864226,0.5112928267287671,0.23015830401419501,0.2210201335341214,0.45701133094353796,0.3777635384620653,0.6556185393270951,0.6727157453160026
144,0.5831629764567235,0.5171783890315624,0.2812014033176991,0.21952583912874232,0.4420384378490159,0.4344159207817836,0.6662511988490157,0.7119182695635644
145,0.5713250813199175,0.5359450462120907,0.3022921974367742,0.2756605813047247,0.38514276526877833,0.385375579612222,0.6715992051399838,0.6937693747660735
146,0.5237103466509136,0.4903809565863574,0.21823721118090653,0.20653384652953746,0.44189167340741875,0.4177709091142796,0.605300824748721,0.659440012407093
147,0.5130578839099557,0.4889552347664465,0.24169668870980315,0.24297808168617355,0.4453239767389561,0.4111982058168927,0.6779126388632353,0.6703960999460302
148,0.46101021178441687,0.5184405299000697,0.24606550984652115,0.2503510738584228,0.4281910432119036,0.370319212618146,0.6615434218511187,0.6873905073351911
149,0.44524374473142275,0.5012030121940095,0.23306400833996632,0.21465141060041804,0.44871849255306945,0.39208394737234364,0.6571671138925521,0.6644205670667888
150,0.555152329827082,0.5605883103967824,0.30633895403698147,0.2346457054883146,0.436643306750511,0.43483006356357157,0.6822053368006018,0.7011771136871205
151,0.605675305004569,0.47476822077266345,0.2756520533031182,0.23382966535915842,0.4182942707542885,0.42860102337120776,0.6827818174620597,0.6792425505754571
152,0.5736948688119734,0.4751239064096334,0.2228032606735911,0.2514750262289981,0.43350144781927613,0.4333298994456543,0.6785761637359691,0.6792902166841887
153,0.5377327289425916,0.5545391045387261,0.2999646866429704,0.2835815769528547,0.46917798032540864,0.40289763553193086,0.637605482437986,0.686365981337596
154,0.5017075243663031,0.5805253835900368,0.20214459555231673,0.1878839615804234,0.4519662914988477,0.39512774029220576,0.633504145762791,0.6618291335085511
155,0.4843009753358057,0.5749359013471105,0.2508678290254997,0.23233569724788153,0.45663443955279504,0.40641105843569153,0.6683669565411257,0.6625753652751545
156,0.49765004227714976,0.598251730131942,0.26487391804615196,0.2392197507088963,0.3799946947157047,0.42612199589112043,0.6822150314523556,0.6650342068070817
157,0.45960435809341676,0.5412156311839459,0.1961975727915531,0.27149261779725675,0.4126474807073656,0.3414874259120319,0.6802343882801304,0.699491709197701
158,0.5680238848748391,0.5766227135503222,0.2435784593086375,0.2630407283423056,0.4374288846517096,0.41762479047570117,0.6763007996784239,0.6983576006484847
159,0.5230831647127748,0.4648864401134551,0.23542059693380127,0.23233716991670836,0.3996013231841523,0.42399195889714447,0.671371715442647,0.6530788293171677
160,0.5319533025894765,0.5681972118067553,0.2578071012894147,0.2945009627786941,0.3476127375342316,0.4086916094901031,0.6809675971070849,0.69831850081938
161,0.5248017484208207,0.5843404985416006,0.22691304439879237,0.21388619674133824,0.4513448940185824,0.42658242819022946,0.6707520708962196,0.7148681134414929
162,0.5271797530753848,0.5583166757056824,0.3181132907711964,0.2220393897631636,0.4062960092222653,0.4148332660428341,0.695991523192953,0.6844794051097083
163,0.5348193150437386,0.5594595916311741,0.2035582804384146,0.2302042544163379,0.41699047697645547,0.4320460714362793,0.6729343208093219,0.6747812840871619
164,0.5233912707978783,0.482837109918596,0.22517910748487183,0.24717118345573508,0.4196989557942479,0.38334707590067624,0.6591684799554542,0.7059180138522158
165,0.5146127962658299,0.5373364230139334,0.19926770075467448,0.21258612686613915,0.40758941698012674,0.4153977545647078,0.66623807133469,0.6780195328492565
166,0.4623909407341051,0.5410590242467805,0.2157862470728209,0.2233761526639275,0.3682216679991299,0.39557179462270065,0.6726512500006819,0.6906087712130161
167,0.470217192705784,0.5579571263077296,0.25206133246572565,0.26543455450995523,0.4522920949220452,0.4379729735073084,0.6535684334123905,0.6685126728007049
168,0.5446655644236258,0.5179943165994235,0.24476458463683762,0.2252296150415122,0.41345882571946796,0.40774855817026834,0.6884308069361864,0.6833232283853286
169,0.57998552843189,0.5000062313697262,0.2429954469321665,0.20584315617802423,0.48153073660437923,0.427544995830634,0.6705117430284693,0.6824957528561122
170,0.5044265342824982,0.5856613885009739,0.1968537245396053,0.24023512995056348,0.44119045885196617,0.43097024875374357,0.6698539773945085,0.6915749261136961
171,0.5433672759356207,0.5333821208556809,0.21968517675104932,0.2065024638678993,0.4373794589566212,0.412262304512264,0.6509989680752372,0.6658810032651624
172,0.5805920161516506,0.5140224106590614,0.22477810388541875,0.17031380924078351,0.41990092222175907,0.3801100816685021,0.6533932337598992,0.6545603584456131
173,0.5044044826439756,0.5161223449229304,0.2319688853196534,0.2510192752580202,0.4097554194265277,0.4017157137544442,0.6785828125492395,0.6874114096219229
174,0.5484801246879994,0.4644312496764325,0.28047508978153823,0.18929096442993543,0.40091911144145653,0.39493276292747376,0.700088930595248,0.6397738627943985
175,0.5532672204310763,0.509663517270425,0.28974279957287113,0.2922911384320933,0.41210556147186833,0.3918382381215675,0.6913543689184823,0.6526040602889852
176,0.5410037227467175,0.5034903598552904,0.2758636648561375,0.27358811523167,0.39218320654386457,0.4170115186290795,0.6943743076170478,0.6796403985365844
177,0.5810702989765482,0.5489767429435852,0.30796954961877876,0.25392720923529405,0.38946429465714166,0.40184340300605614,0.675474713755521,0.6828853671778398
178,0.5606156158382062,0.5145381379893039,0.2723773897780723,0.21466080917152164,0.43563822238739314,0.3880970619382096,0.6882942628561447,0.6557765545237149
179,0.5637592450511133,0.5175841647668402,0.24989585782570908,0.2822331010425255,0.4206075833365819,0.4588968798994508,0.6633813359082669,0.6915276067250372
180,0.6183289408970004,0.5684980659084375,0.2646032142952799,0.25745010027361376,0.41801181896676926,0.406444357074897,0.6697455950510041,0.6556274256706651
181,0.5542527176118761,0.5289417887987362,0.2660066819105158,0.29114424108287174,0.41032257564378827,0.41461185364933434,0.6815119790837586,0.689830574602782
182,0.5613368414809116,0.5209994007260889,0.26609544783620115,0.18620619766679603,0.4117933304646853,0.3746357979378095,0.6699860137963642,0.6594275600463884
183,0.4771994932638496,0.5270020274014817,0.2258329776616795,0.26194048350751614,0.4177052369896371,0.41710777431281687,0.6516930604687932,0.7001719131699827
184,0.5545436631853712,0.5276366284949615,0.23894707745443552,0.23351591354418907,0.46252844010510386,0.3757746182179484,0.6875021061935981,0.6881267438448729
185,0.6024317008581453,0.5444866345395243,0.26028346736463187,0.2611600607184305,0.4334448997774298,0.42709591179607403,0.7006941079248602,0.6850253409516247
186,0.578633563332469,0.45381407545476027,0.2552347922749051,0.2374445908740039,0.44144979387023875,0.4128146024825349,0.6825804403204788,0.6700995967353247
187,0.6142497686996449,0.49220680673909695,0.22059037491354982,0.23465935576059965,0.4267848095598363,0.44352002400692786,0.6836451675492977,0.6814512158534836
188,0.5828952941058702,0.5205502660597088,0.26461454923298483,0.26416647511485064,0.4444997873852863,0.465532091132702,0.661548566923552,0.6461362414668385
189,0.479367085953605,0.5410937343171116,0.2642978584142059,0.20972938365040342,0.34757132010594016,0.4537509913862554,0.6708351464857794,0.6772367794512358
190,0.4759201519093239,0.5129485109393537,0.20358974154411968,0.27809956762323335,0.39139381327219147,0.41679819729380374,0.6764582525879878,0.6609921850121551
191,0.4955594777565833,0.5157619777202372,0.24276219183988818,0.22191587038200444,0.3993110234047937,0.42610621433919194,0.6947053070269096,0.6694254373644546
192,0.5639794345877893,0.455855029637266,0.26336869411384184,0.2250457416729855,0.4407646435675481,0.3796124211436713,0.6905599331924065,0.6749400382121714
193,0.5380223807681898,0.5644546948398024,0.22905666993207835,0.2139416014832958,0.37674469861950527,0.3863465949933837,0.6558515553528328,0.667708180081761
194,0.47469855997212246,0.5051179718974416,0.19675187074262526,0.26518362213102514,0.44530447178232,0.3973453750667872,0.6736359634578335,0.687006277714208
195,0.461430533237164,0.547372649764683,0.20725906613504963,0.18018769477552918,0.4176041625231405,0.399726556692521,0.6541694089746525,0.6829885074884375
196,0.5412096972687555,0.5075990598418654,0.2187203249241564,0.2168685732657531,0.37232257132243507,0.4267477737595034,0.671471077695804,0.6383448747246353
197,0.5110891104159362,0.5011962369593562,0.24369398231040373,0.24544127586327197,0.4011607349797072,0.4192447573898064,0.6726305141992803,0.6764021128756044
198,0.5417785536303412,0.5412747199181249,0.2490626965235868,0.21193450027962957,0.420483454464695,0.4387752621071108,0.6801198896078786,0.6795174828089026
199,0.508900995671399,0.5358619226867306,0.24377957346018617,0.21064618607531133,0.404511459893454,0.3845410392182773,0.6722308104215747,0.6763878887044282
200,0.5243920743739832,0.5175352001350164,0.19873981779342623,0.18969811467141584,0.4210478571133329,0.3812558138407173,0.6648146391924448,0.6352988765388008
201,0.5020505509852966,0.5405389422480524,0.25758584771733634,0.23175546258832327,0.41508784575385943,0.41716675418788296,0.7068333282448052,0.6787067655015104
202,0.5250311574875182,0.49511153055038926,0.25758492047774556,0.2197553330825084,0.41415827660822085,0.4116484083142123,0.6831173656674013,0.6586250663695968
203,0.5366764468446406,0.5392795345948892,0.2349038937860399,0.20023012781344807,0.47177509905916987,0.4447695360876001,0.6918903854943185,0.6718950629867474
204,0.530434763166495,0.5197974450648298,0.28039070386854165,0.2451861986010811,0.4390951973885687,0.40286964317324525,0.6839943780375747,0.6668590609431694
205,0.42059562657530863,0.5412343074074308,0.2360985949513923,0.21854484555350165,0.37951631594281166,0.4056106742668382,0.6890464479046148,0.6779393134250566
206,0.4895813438976232,0.5552820492857885,0.2628445930865879,0.2294987489851461,0.3909091141092278,0.4163557379415512,0.7038964582614319,0.6794006242970094
207,0.5412925646289667,0.48690019255572964,0.1945348824002294,0.24935088237893469,0.39722025786520226,0.40293115884247144,0.6613344772928639,0.6758452373762289
208,0.5245491125791973,0.5384127290100728,0.226454055620197,0.26369989455026305,0.43307636032935337,0.42460146773790736,0.6899993275290868,0.6806699782311171
209,0.5454394609283295,0.5951403708595988,0.22503921429113186,0.24943255486502738,0.41437735012039556,0.38687008466215667,0.6781184808743804,0.6660308154959722
210,0.47508577687374737,0.5689911020256085,0.21867361549306352,0.211445139965019,0.36630911643969477,0.459317614616876,0.6503459618378401,0.6781983250681043
211,0.5505576383771976,0.4931556119303883,0.17102767954366668,0.2842774446361517,0.45576218372282334,0.4020960325877675,0.6327192257793214,0.6697284103896652
212,0.49530185706840724,0.5708656916523858,0.22716401117216142,0.24196969925009104,0.4073721967467117,0.3871188638342722,0.6345986651845816,0.7035247254572486
213,0.5302965516163166,0.544911777984405,0.24828906688580668,0.2257103544254608,0.3881287650949989,0.40676732112148317,0.6855915554098707,0.6962584553916535
214,0.5041549951107577,0.5557104941513258,0.24057761262041097,0.2774594228441829,0.38778288084596274,0.3899126723931802,0.6726668094772733,0.7138124862703911
215,0.4566039811860812,0.48618627445402607,0.23418979590628944,0.22915570500035146,0.41396648824944227,0.39488015973658086,0.647386134178527,0.66709152453518
216,0.5542818176756741,0.5711099225704687,0.24552419409860693,0.22253812609573925,0.37337448232352555,0.4331202085997468,0.6925186159931681,0.6835509426934422
217,0.4357016024662612,0.525051615421779,0.23649714492224144,0.20718063287719646,0.4216091399251423,0.4076055753428577,0.6610887950109611,0.6706987043344943
218,0.4900911296987981,0.5597364784821621,0.22696309658740732,0.2029143094729925,0.38872237217373795,0.44365338493081635,0.6887106254332032,0.671491699417473
219,0.5406289511840467,0.5686009187515441,0.21844429832782583,0.265461109347671,0.39617794616964186,0.44282524454527256,0.6648189870362224,0.6864816104049504
220,0.4718743734078761,0.5303386394146449,0.2579965269950044,0.1935144658839451,0.38377518488507345,0.35519398957287823,0.707620913667848,0.6564911127034774
221,0.5103483873053739,0.4067569116100347,0.26079677882442553,0.2456535356385933,0.41069424892273587,0.42746969634446186,0.7193908102156524,0.6567151382919441
222,0.5015208227593816,0.4672825615195696,0.22116060804692794,0.2670682441355676,0.42664870300081226,0.34605299803921513,0.6778308218988474,0.6825192847022329
223,0.5044363104822949,0.49155847680432835,0.2558015838549694,0.24403664349709545,0.446306707358264,0.398591967472535,0.6916791104513111,0.6782182185967367
224,0.5277373321346469,0.46241672687824414,0.22443858207595713,0.20864813171690413,0.3901989674552584,0.3788032275423996,0.6705700719548006,0.6782509075889528
225,0.5460590432737757,0.4496155842578744,0.22767766982958212,0.23262454635398508,0.40643523999831027,0.3984345865087172,0.6947649371639435,0.67305246521793
226,0.4936166788035537,0.4777223950930043,0.18166926662479013,0.28518047684997605,0.46096150192795626,0.38326755747845614,0.6547543757294075,0.6971887408701734
227,0.48380947239087757,0.4750830441602269,0.25175467625510434,0.2769016318281642,0.4311493040702639,0.3974550694879211,0.6706766965286559,0.6809964507392058
228,0.4639321228822904,0.484476981902442,0.20628073359188753,0.20145521324215535,0.4341534461423757,0.4096133867129304,0.6695590373026818,0.6784807383116338
229,0.5012827133066521,0.474294097730345,0.23732607059189315,0.21962476839818348,0.41166003487150726,0.36280501819561384,0.6745400461320404,0.650067630091152
230,0.5301248721012022,0.4607127334428249,0.22592224112250564,0.2678142515748692,0.4401264632009934,0.4441752763229627,0.7037287248218159,0.6621796581682426
231,0.5060975627491566,0.4612236212891363,0.21134460425194357,0.2633006986613293,0.37850318314206,0.3605321027317797,0.6938248533276434,0.6683936003826759
232,0.5247286390799546,0.4614081711221694,0.25172245928428566,0.2413625842926909,0.417845735042749,0.405847275723518,0.6995939850971452,0.661474487074769
233,0.45988805695475704,0.5556672181737169,0.2124359227893795,0.1928901889606663,0.43075826717534493,0.38128129651096476,0.6810611131155344,0.6628415924310969
234,0.5699847140627214,0.4594584010284329,0.2521755758933606,0.16723766915792407,0.38706745668750775,0.4096061665063593,0.6955347511505936,0.6397300001347208
235,0.5342122344656605,0.5424755965619663,0.2970158568658869,0.23203817985438643,0.4091276413274376,0.44706561920739746,0.6984167006895268,0.6783459635617961
236,0.5384051774006778,0.5345520106697941,0.23315894918590188,0.2307387302555164,0.4398159523133852,0.3954169855354457,0.6968320107548472,0.6846123421496877
237,0.5086319693233674,0.5566461272162365,0.2507686767156917,0.2623327655870595,0.40159864558402825,0.39210662902651905,0.6548814797565669,0.6851067084346646
238,0.520411656186745,0.5153893894094609,0.30235715644384314,0.30741621380531914,0.40307781946247506,0.3982868070180391,0.7026951807346664,0.6590291045960854
239,0.45017178826441284,0.5376796326847642,0.21696931045891907,0.2537470789905787,0.4050711456222415,0.43765852663112154,0.6707921057366321,0.6781881774938953
240,0.5477740184011693,0.5216282796517608,0.3066215395475037,0.24531353522882654,0.4102155634001274,0.410071453739276,0.7180065194077276,0.6755954113286265
241,0.4816110333085689,0.5316919683228163,0.25777767150199593,0.2762394673544994,0.4202662519540461,0.42893676538756625,0.705038494805887,0.6613086669816312
242,0.519843723200397,0.5145208444455901,0.24219215710848943,0.2631116864566164,0.4369372002622605,0.43127162401902924,0.677640570058251,0.6401818452455149
243,0.5849838075845877,0.5122161841782836,0.24868234796322325,0.2443147496911827,0.44934406653916786,0.3723840443726182,0.681900443661821,0.6736477910361721
244,0.49514668048238986,0.5541885911275201,0.24667390153922916,0.24591983923350894,0.452219400394262,0.4211124670881963,0.6968429150961134,0.6322946811010726
245,0.5247056238741118,0.5231729072602015,0.27645193178865196,0.26587834904521573,0.45592255753106264,0.42200245978019313,0.6857432293773438,0.6704555317425869
246,0.5235089805475883,0.5822219093984332,0.21140930925315385,0.2430993532658688,0.43140498951973244,0.4154624506031739,0.6758816900397512,0.6595992833338121
247,0.5515151090738126,0.5447367170806497,0.2815484742122913,0.2930859396662189,0.378109267632947,0.3997830280271088,0.6656570903552255,0.6879174886890915
248,0.5426761840543578,0.48525677010087487,0.26387555712802085,0.2721409329241685,0.3909603335988337,0.43095051796033385,0.6781747772526538,0.663265505620195
249,0.5227039926164699,0.5047861437514987,0.2613379885892244,0.2560323463967537,0.36658045914228354,0.3892342337539065,0.6365600048640662,0.6868176303273843
250,0.5213991007494442,0.557382193196764,0.238395437169275,0.2217279029702881,0.41903472955814614,0.3447665656282852,0.6811637438340872,0.6416102856226455
251,0.5167181609541122,0.4544846317669284,0.2414660705122065,0.25597532424136815,0.3765636486911987,0.3781457678435803,0.6519919216911488,0.6630833278311004
252,0.5415750409863769,0.5384661526993583,0.28364060595168206,0.2748521731636946,0.3938087529590722,0.3848193733631731,0.6898047058582442,0.6757824482397814
253,0.502926013455471,0.5460268317233984,0.21066376008766394,0.2260140995532569,0.4104262730494301,0.41403975950872485,0.6700709597018399,0.6697912101274707
254,0.5176306449796578,0.48516415635260124,0.256109135292447,0.2662764979106046,0.4197391457304723,0.3973524495337317,0.6711986588641483,0.6796220568960215
255,0.5721533001460426,0.5145783080844484,0.27979231616634687,0.2639072736307093,0.37691102918900443,0.43530589605882397,0.6915455347683955,0.6699044606555511
256,0.5240288531313274,0.4701848873031057,0.2811294522077127,0.2543811113686075,0.40731287565092433,0.4279280240929902,0.6916565344647464,0.6778496075111652
257,0.5032902041937913,0.5202667173563468,0.24903406444968768,0.2321718420639398,0.39391916480979633,0.427767186478044,0.6725661026481226,0.6608417647969115
258,0.5207546807091226,0.47092265983936543,0.2692043658278679,0.24484070083112053,0.4385286629744639,0.3970740662066773,0.6809070803941337,0.6707642566383616
259,0.5332996101954253,0.5811867374818073,0.22382563744396433,0.24590966626195226,0.4296293842929701,0.4088131145178349,0.6583820091629397,0.67555580217764
260,0.4903907131707698,0.5619765536389282,0.18887340916083323,0.2379359689072487,0.4358122745793734,0.41660192615382463,0.6509154938248735,0.6872404306394765
261,0.5250000697860655,0.6079951327266088,0.290954858285916,0.23619260645714824,0.39450123645183144,0.3938701209376752,0.7070298569937206,0.6575939487528063
262,0.5405911311947388,0.5303245738707276,0.2572810380442637,0.2818495603772491,0.3953252731604634,0.4212118532336176,0.6592983232148948,0.7008680789447853
263,0.5712974492503223,0.551083314974676,0.22880654109842016,0.28395140495101534,0.42266309538503727,0.41907577884802377,0.6506924239694211,0.6823490551839657
264,0.5230344501550819,0.553599399409767,0.2347113549607219,0.2210437901134048,0.4264127625888971,0.44867119342866535,0.6668986897508437,0.6714488440369685
265,0.5810272767317991,0.5010393354325762,0.250657287277577,0.24265795173275756,0.428512355739513,0.4201179328511115,0.6586428672734211,0.6725873646445047
266,0.5457391265707017,0.5504161610120364,0.2585510677470361,0.28162952276922343,0.39999275671502854,0.4080016749127102,0.6627741621072277,0.6820482205741383
267,0.5125936233044328,0.4900251092844514,0.22757161837402728,0.2045139465708459,0.4431495733577064,0.41623384997288265,0.6631852916964154,0.6960252915277291
268,0.498430946499612,0.5400083873608753,0.23364412862800402,0.23783114345081782,0.41708228663711333,0.40012146214956673,0.6599682870135214,0.6656560382965205
269,0.5723590094087956,0.5616541175126503,0.25175848590961747,0.28681211775488624,0.42298494315183843,0.4475967914367541,0.6412934898563881,0.6614164936283388
270,0.54324534094713,0.5617614188982678,0.26502426697496284,0.19235302942169163,0.4351050725134641,0.35173394561658594,0.648592577882806,0.6759170515183236
271,0.568660134345518,0.4997844373947684,0.19435809718676572,0.1746208727919626,0.39057871701636276,0.3936205557403942,0.6771667214164846,0.6471307030848271
272,0.5220807923453706,0.5389479775081738,0.28408501431467525,0.2453340392339921,0.44618522550245077,0.4029007740435297,0.6775249823817654,0.6825908433177865
273,0.5663132968632475,0.49259232714119544,0.26283891358985967,0.2529985643037084,0.43058616190146964,0.4228839038717592,0.6831248753121693,0.6732326350657694
274,0.5277206119432313,0.5026417724667144,0.1727293316061233,0.24261033569026752,0.3855045004072548,0.3885578538989186,0.6573247372366425,0.6741041994149386
275,0.5400028483041176,0.4407107251195311,0.22116846239664828,0.3031353200076785,0.4288323264635275,0.40824484546221823,0.6909291661421486,0.6776992021138477
276,0.5567777063084576,0.4753661144118361,0.2714096514412987,0.23423021845363415,0.42135241087933645,0.3679840107455034,0.6964722291990412,0.6986596029280202
277,0.5598812557720878,0.4880227750840077,0.26726862735925255,0.20497794859609203,0.4268621680048578,0.42389082717102067,0.6875234578469996,0.6622218677291115
278,0.5375415459918554,0.45712992296172134,0.20229407908226518,0.23097078500877866,0.4349523796768586,0.4381447667263138,0.7047211265506436,0.6935941106354166
279,0.5705061632554956,0.5126324003229449,0.19832710519358915,0.23000308677682857,0.4517387797104877,0.43224261059351765,0.6773478914128659,0.663786647663066
280,0.5845639166041521,0.5235571235422889,0.23272452728963192,0.2143222301183687,0.37457649508852,0.36894694774257025,0.6771040014623567,0.6937164023182009
281,0.559216911672828,0.519772763192361,0.23960305381369792,0.2844963477181461,0.4010167805290542,0.41989178136248145,0.6520181368049845,0.6884660472085592
282,0.5339669849867383,0.564819569128743,0.2774500822125094,0.22980187360850599,0.38484322905787655,0.40711219336556503,0.6521622362112738,0.6682011359727865
283,0.4359196408640351,0.5560281958003016,0.22298534565281836,0.19179999486335753,0.4272297813061468,0.4176750810072777,0.6564585921750806,0.6903575623057377
284,0.4675224436839191,0.49284284237500225,0.22053064808224024,0.22721706118386376,0.389808376863075,0.42679640979556227,0.6576616337706184,0.7026470757061466
285,0.5532243214942221,0.5497282542592646,0.22984374950586461,0.24949198885978208,0.39868802169543827,0.44701258234683316,0.6657223631765293,0.6830260296863626
286,0.5411941050025944,0.532250984667189,0.2866082255490499,0.3053904500183183,0.42056539500377005,0.3612716100553182,0.6644904423008899,0.675489831614517
287,0.5440465751605434,0.535895566804525,0.2441074003899445,0.25537405926838874,0.41969396010707133,0.4033458182812502,0.6483246596409613,0.6605151892864581
288,0.524133753564001,0.5707368800194564,0.24110629795538074,0.23138908016415147,0.4122507209844132,0.42768311580874163,0.6517582500075225,0.6758333658156093
289,0.5332180908917159,0.49793235581385153,0.14744285537179208,0.27527108185238053,0.38339162949046535,0.41558958847445787,0.6410141013152388,0.68756440181119
290,0.546054372733411,0.5046217778661617,0.21376422912015572,0.24572058923598963,0.4331710612438968,0.4155908047547137,0.6798352739654532,0.66775210264719
291,0.5152448420334071,0.5374641187928919,0.26682588340686364,0.25951300187793364,0.3717988856343117,0.40698691758825717,0.6854282757532406,0.6699602075969263
292,0.540497835244295,0.5466476596006801,0.2477194638256784,0.26719107668053405,0.3946262654056588,0.35835107169821506,0.6908978017076339,0.6687182575641938
293,0.5753329955621957,0.5505072125569896,0.19200815501241691,0.2317443315348099,0.41153363939966536,0.3975753845352563,0.6630006199089901,0.6790893289260991
294,0.5672432360739657,0.4834631143431199,0.284022993455992,0.24924184121022952,0.44134989830365384,0.34370476607466005,0.6913190675910724,0.6634352843510397
295,0.5541302452545699,0.5561977605854254,0.21749280260493659,0.22280420174437135,0.4057959539075301,0.44551031352193016,0.6855213340222305,0.6563516028931603
296,0.5521277269155829,0.4999306952123449,0.24504140990855935,0.258361576349963,0.404576667814981,0.4098017978304488,0.664265821342636,0.6743170387917966
297,0.504521923860767,0.45436991505241864,0.24487469479938656,0.2623953604906989,0.43154291111482496,0.3884320437904692,0.6404830415342156,0.6902270374070778
298,0.49255054532218356,0.5835007499002415,0.20061601886122088,0.24115223094972627,0.4188351220366611,0.423384798753005,0.6403462854867014,0.6873240819699156
299,0.534315219809403,0.4936184964305443,0.21139460536508126,0.28514065583392334,0.4416334357853759,0.3684317920284288,0.6534516296455953,0.694202902654272
300,0.5009152185115633,0.5182714024033498,0.30505449210363783,0.24243037711034093,0.43379560731681327,0.38342747537620026,0.6959954588715788,0.6948053083977853
301,0.48403150191113253,0.4870206776904416,0.28548295877811963,0.22228257163575516,0.47108084811218853,0.3882908379292133,0.6618762742575465,0.6938610253849427
302,0.4701156101354985,0.44358325977633273,0.17367449056703524,0.2472430015879239,0.41386787746389603,0.4535150925765977,0.6566833169218768,0.6697320452670327
303,0.5521031073877725,0.5679248644251274,0.26328312148655936,0.29176062875680375,0.41392295059097195,0.41050425149751,0.6433629490226306,0.6983744635550281
304,0.5445060833623042,0.5174232741922884,0.21500913462491708,0.17173941069036708,0.41215260135813697,0.4100857932168891,0.6541643318840143,0.647284262219627
305,0.5124339261064231,0.4996114010067338,0.19565768240641032,0.19823128519777605,0.38821625900204254,0.41100337028351586,0.6748583987226685,0.6403795423479999
306,0.5763257386654286,0.5594507192033821,0.2772555626241686,0.21920344834792804,0.39984810425212547,0.4495328447320694,0.680526325814934,0.6750745841396201
307,0.4991819744804088,0.5197709327618564,0.2725700192939493,0.20129975269418612,0.4529011177400569,0.39303019811006407,0.679801738209598,0.6393734898933665
308,0.5161370655020171,0.5431119453787501,0.2628086110043867,0.2679517923155904,0.42379023049660236,0.45760141156723755,0.683674861497086,0.682349881090316
309,0.5215999726954241,0.5356694342148899,0.21070370973785588,0.29134447021234344,0.4513244440830152,0.3987980900947166,0.6641227114758388,0.6681987329359261
310,0.4890254776914404,0.5482953841816444,0.24048505531205897,0.24527976109235097,0.42731659280237155,0.39758343366175675,0.6737012702015625,0.6736886810762391
311,0.5411300693787733,0.5374987029430977,0.22930945467507763,0.1931079692308783,0.41943141419178753,0.46708513488286585,0.6901524639369659,0.7028737479538323
312,0.500358586973032,0.5125030835358686,0.1848704990984786,0.2661807513530527,0.41997625904631597,0.36740257779191493,0.656666237848181,0.6823194718260577
313,0.5343395813905756,0.49839546935824885,0.20566004250844655,0.2837546128224422,0.40435797825685915,0.4241853383235691,0.67539103245317,0.7185882236524077
314,0.5750601999822355,0.5199838721713366,0.2899389707284554,0.21047372632353775,0.3908647480983637,0.4042214006669825,0.6710186594974207,0.6464982525602675
315,0.5668221024297053,0.5099649886965187,0.25299968043843185,0.22637511120146767,0.4337037232718171,0.3818016394863723,0.6895446058220661,0.6914470339191401
316,0.4751237233133534,0.47106011612835247,0.29131421235867916,0.23330665765069203,0.46494410879163756,0.3867397718425738,0.6879383612170461,0.6753558900527671
317,0.4955763957632582,0.5076485367221898,0.2553612731904242,0.2788627243598626,0.42135903909695827,0.4280555862314624,0.6871281129111941,0.6888054774889139
318,0.5521773843578512,0.5170548925927106,0.2350021994484733,0.20918839499973976,0.4375575858452862,0.3600805944351865,0.6646564443530834,0.66114911359351
319,0.5561222370593459,0.5060199094627088,0.3084833404272787,0.23423791798968235,0.3882578058760497,0.3972265129902785,0.7112683930205124,0.693164792360206
320,0.5618888524923151,0.4739782340457043,0.2300397871916828,0.23789219101475792,0.48161420740687866,0.4382262745933348,0.7074100681338387,0.6786396044272094
321,0.5384707622420342,0.5539583450868852,0.3169867277501072,0.23544820787019194,0.41437988558427225,0.4632893799783309,0.6992846923368218,0.6724394842822036
322,0.561403695729761,0.49624999144961773,0.251887945276599,0.1887084078958917,0.4562087316542872,0.40394115819448856,0.6711020044113234,0.670253225623897
323,0.5860542618595717,0.5392823932083971,0.29113907276933165,0.23008773114718664,0.44108201006160086,0.41952822357090264,0.7007756608437004,0.6727258820486036
324,0.5394671740701803,0.5274056852880719,0.22924248485694596,0.2596537653985807,0.43730838070163686,0.45074837346114555,0.6723731484843445,0.6868520794011465
