,"q (alpha=1.8, T=1.8e+1, from s_i and s_j)","q (alpha=0.2, T=6.0e-3, from s_i and s_j)","q (alpha=0.2, T=2.0e-3, from s_i and s_j)","q (alpha=0.2, T=6.0e-4, from s_i and s_j)"
0,0.521324489361355,0.2585540984958664,0.39200813587125855,0.6839730123673418
1,0.5532152048374931,0.22985011602156236,0.4022340753623633,0.6542258436555389
2,0.5276337859898674,0.19870980372164582,0.3836377464679452,0.6790331194213794
3,0.5429780727576996,0.26867497986159655,0.3879405356069602,0.6712209679530416
4,0.5417738461224824,0.26756965914045167,0.4146061581677284,0.6990735891489764
5,0.5334430695866296,0.25313048569175206,0.3780702936850967,0.6680653354381573
6,0.5285485583476067,0.275566309621396,0.3444967643506939,0.6985944052304496
7,0.5663601349253679,0.2291030643539534,0.3818038429575481,0.7177300063562749
8,0.5750300903315458,0.27340864242975066,0.38310091626335024,0.6916444633241872
9,0.504028476738116,0.24566349019055023,0.4021130095808701,0.6797646475598466
10,0.5037102578147162,0.2477212700051003,0.420622440803384,0.670808485577132
11,0.4747311023154405,0.2051999964451433,0.3974405548303323,0.6777935240096912
12,0.5283355425405523,0.2628019725525985,0.3918700552137823,0.6801037138247013
13,0.49952997149380696,0.24303250865351042,0.38847340939235503,0.6749697144786536
14,0.5383404561399673,0.2595066291793052,0.3795564302047702,0.6746259786110408
15,0.5173108395712117,0.25337636630838384,0.36494758479192724,0.6999018523379128
16,0.5139239424744074,0.23536534961949596,0.3761647529502688,0.6728768839211899
17,0.5670639253509973,0.2369777419172869,0.3748070820193192,0.6406861311861751
18,0.4994880793199588,0.2581734425041413,0.380222702573496,0.6990999506198178
19,0.5023869996120908,0.224303656826983,0.3663941364875737,0.6769609031564776
20,0.5234895087197234,0.18775732716682525,0.36883174211395786,0.6706951041262442
21,0.47940271370235865,0.25410045041656715,0.4002945233574194,0.6795963433616693
22,0.5264752125734481,0.2767984225875646,0.39448193062767567,0.6983331840479264
23,0.532841802475899,0.206354082809769,0.36602381712690946,0.6565512768493771
24,0.47801918842164254,0.288277969982181,0.42532606065299644,0.6944450756915121
25,0.5473891588682568,0.2131439734536802,0.38254099470634867,0.6573865425888109
26,0.5397078546639503,0.23927346996894044,0.40897940191846155,0.6827267839952137
27,0.5173790064650238,0.2801435899396702,0.38485527875602116,0.6683261700689513
28,0.5220770032493468,0.22746153644007838,0.38928603211866075,0.6706052529522877
29,0.5941395690389947,0.24004433459915211,0.37449993889907773,0.6693331038149745
30,0.5476142299840576,0.19685210644510462,0.4177364910930352,0.6872408848381465
31,0.5843598536456424,0.27203075070485977,0.4058322333805825,0.6757513945079718
32,0.5120802294375887,0.21995440611473413,0.39842654095932206,0.6650247890948612
33,0.530464886480276,0.23871009583132013,0.4023192042458435,0.6886249447766483
34,0.46379058403827383,0.2903658185613522,0.4317995239244854,0.6820186452965297
35,0.5543545293213191,0.1868749669785651,0.40761927288647654,0.6201364251763819
36,0.563317555049987,0.22016615125562233,0.39457217324224786,0.6545288289016367
37,0.5067542850843955,0.22904876753907616,0.4250618543177878,0.6538457418508866
38,0.48568769186261807,0.21949924612841418,0.4324852037580211,0.6673627369207166
39,0.4909708499526095,0.238287772499748,0.40988422250729867,0.6827554528778172
40,0.5282928257073009,0.24572183523421084,0.3939886798315009,0.6618679858650995
41,0.4239986387206814,0.20207209209215743,0.44023945351497196,0.6820631370760981
42,0.5032696801498975,0.2269190944991186,0.39281111519099216,0.6545887703805019
43,0.48010316184831564,0.22416689633514372,0.3755751035757367,0.6513970698739899
44,0.5222398071103158,0.24794258879016182,0.39396200990506897,0.680401189183502
45,0.5389542717202058,0.21337376793610466,0.4405899321347249,0.6455704170179756
46,0.5640419096819902,0.25404843653093456,0.3893682952685812,0.6883188106230306
47,0.5106030255861429,0.20025871480586152,0.3991977246014029,0.6363739851992073
48,0.5634905783909656,0.19640302393496636,0.4035951278619048,0.6607288892037387
49,0.5211880440993741,0.219596175359449,0.40445295354561717,0.6616088484246272
50,0.5263427999206821,0.24199561138343126,0.426646467999446,0.6603405582817341
51,0.51840377770805,0.23942106423664036,0.4402193847595952,0.6612228512472157
52,0.5510395902419336,0.25205079323477136,0.3924771861157292,0.6779814418749789
53,0.5735826738936757,0.23063973275965086,0.3544453583672252,0.6356940244340339
54,0.5762560794354395,0.24110246467504648,0.40796602299577756,0.686424648122169
55,0.5871213441895999,0.22062261294963514,0.4216296680502885,0.6623229484460295
56,0.5456526918661481,0.2973879106992589,0.43124100423445133,0.6882817311174757
57,0.5375352371443913,0.17428278986220364,0.41554777318507186,0.6458690039103255
58,0.5329240756303412,0.20073622386194942,0.42028879191930063,0.6591322059430879
59,0.6301784952845455,0.20358697325210798,0.39520910937863685,0.6706581453007632
60,0.5582392073689858,0.2820979673885704,0.408474161177892,0.697393152132419
61,0.6017325252735222,0.19668961041870636,0.40460129141808177,0.6525656286634253
62,0.5974649928535785,0.25545715626944737,0.4077394799754283,0.6540141260405951
63,0.501988419847981,0.20437544548430264,0.3920071078656105,0.6296900646719747
64,0.5832303692638343,0.19597798526471844,0.4041324782116981,0.6316233752991561
65,0.5152983007661462,0.24989210776190698,0.38359200320696707,0.6924430002280137
66,0.604937278276556,0.22422946691968604,0.38760434358961104,0.6771354321034204
67,0.5629191839081942,0.23215323405725716,0.39506976384281833,0.6850760869399843
68,0.5663558530576446,0.2884855088588065,0.38519845951155846,0.676269457388431
69,0.5738855055932413,0.20904195167813913,0.4093497317847464,0.6404802730109929
70,0.5143538917156563,0.2593994935064186,0.3621859581775624,0.7027208444868863
71,0.5648521421448502,0.2718940681352692,0.3909760931597239,0.6641104020320947
72,0.561521169570821,0.20703417318236408,0.418777152455452,0.667613912536044
73,0.5123586432924133,0.251625095016766,0.39579892626459545,0.6573032266921136
74,0.541626896654323,0.25326424645613094,0.4412872653560142,0.665815705276031
75,0.5480025646670318,0.28721371568498616,0.43211141007547466,0.6863229426089182
76,0.5725604718533108,0.24505859141133393,0.4123285607212349,0.66482774652713
77,0.57095706561289,0.22078253289293998,0.4044912234680618,0.6792801472101163
78,0.5110974120460011,0.222032601351893,0.3822083718869944,0.6675494116871641
79,0.5158691992882313,0.2938973354050397,0.375836550643916,0.6649442949922084
80,0.5579603417960287,0.3139445396774331,0.4033397092813286,0.699961166082841
81,0.541220343510175,0.20041100873319395,0.3906217815065927,0.6629779121280763
82,0.5490365818219591,0.24430452978888975,0.4301805105033046,0.7014274687725128
83,0.5631370204209449,0.24535824681498974,0.3707925608334655,0.6660541954412259
84,0.5731792963583234,0.2578442824251957,0.39450119801503336,0.6907251108005719
85,0.5543290195097621,0.25030279368621444,0.3440803648762848,0.6990805132025055
86,0.5056579236854296,0.3198516593231843,0.37663936577035895,0.6873351192533224
87,0.5743156091674303,0.21647990150378227,0.38119872279913014,0.6659813415889341
88,0.5777854479663009,0.22797724052231458,0.39987696394536015,0.6754384223167312
89,0.5304015271549388,0.24674118502577666,0.39098091836367094,0.6682524010551254
90,0.5493164535486119,0.25430997658209775,0.3839523338009919,0.6856893397254523
91,0.49944341032468026,0.2672779673054914,0.4101691070067948,0.6887703657433041
92,0.5583107735356321,0.2607227561891142,0.3594145536704188,0.7026230650700186
93,0.5156999808153189,0.22901226494582663,0.39108918563321077,0.6774476036985665
94,0.5242483716581534,0.2461615172002021,0.45220530136898357,0.6715450970171499
95,0.4642093323023772,0.2798880241844125,0.32896690520964456,0.673795100650916
96,0.5177696151333375,0.2433319841488252,0.34606463300674856,0.6891296313617687
97,0.5113652730327894,0.2738890738714561,0.3759937679362674,0.6814661331806932
98,0.510006876539374,0.2328112802020826,0.3843523139816388,0.6799233887767839
99,0.48986534610936666,0.25953872328986116,0.35020079066497634,0.6895054842759623
100,0.5116289747567877,0.2717579413730804,0.42313065553768714,0.6972374476105276
101,0.48474273385356637,0.2447657394267369,0.3740944512367454,0.6648503092412881
102,0.4858861256115875,0.26619070098281666,0.40562729984949847,0.6877804071440234
103,0.5070752027034926,0.22589736784745051,0.3924594743296579,0.6733873130195779
104,0.523448237605824,0.26661555095105405,0.4040835117785845,0.6733498598917933
105,0.5398685247715944,0.2735316433176356,0.34688883090116673,0.6332929032899058
106,0.49957473264269714,0.23427114300113255,0.3972149879736709,0.6596329369714028
107,0.5327018882668602,0.22958298319935763,0.388563209755563,0.676955923740829
108,0.5554034635544388,0.26876896440027626,0.4024772158011182,0.6888646168550072
109,0.5456002103757353,0.1900236582170519,0.349153553774709,0.6285988032668913
110,0.5006939006084566,0.289297111304681,0.3478836824499036,0.6640287084157528
111,0.5650194640494784,0.2640107314196063,0.4198010497239761,0.6970101788912815
112,0.4662774882901182,0.28133016935377975,0.39322604011473755,0.6897778313563888
113,0.5080843164274196,0.21306049318161643,0.40401794166975424,0.633784793551122
114,0.5663405813097387,0.21729711255643716,0.4090703246835579,0.6685163973626972
115,0.5057512061580614,0.26136188586118203,0.35355620892491213,0.6520683794726794
116,0.5523173872786304,0.2148987631447225,0.3754015625484832,0.6592405873343178
117,0.5365264248001803,0.23008590374340185,0.4032586045121021,0.6502279598876595
118,0.5259437746865135,0.27696713681434915,0.35941184507194945,0.6766154564394832
119,0.6125693141347645,0.25642069408055757,0.4075320921506284,0.687607555252767
120,0.5474974304378794,0.2333253270638593,0.41355137281447285,0.6673115259863208
121,0.5430553140615775,0.24928860592201524,0.34067653404677345,0.6767822721599813
122,0.5011237840945107,0.2777477595314008,0.3578467302911377,0.6944043963905241
123,0.4598424390630233,0.2208713777189459,0.386202501945461,0.6771512717238313
124,0.5467169617878774,0.2201757985845656,0.37422774264099384,0.6715816663048807
125,0.4483436165409108,0.23119792874250306,0.3804529080238245,0.6637656950544639
126,0.49034185411609515,0.2499583238374619,0.397459653382701,0.6846169870997844
127,0.48573434204513205,0.23009521679518113,0.4100302849187283,0.6588780320674442
128,0.4978094560429063,0.30056704657407785,0.4547598691622431,0.6841505236359814
129,0.4989724706178722,0.2275730880693981,0.4148469701135936,0.67228919917681
130,0.5618462821288589,0.28616749635324285,0.4158483856457583,0.6820239072002319
131,0.5557837481822621,0.21784601037065307,0.4207853740910907,0.6593074587941604
132,0.5740460612776672,0.2668127745059344,0.45086948956641965,0.6953988853375148
133,0.5434020605099709,0.20804142537450648,0.42130251925172935,0.6851015935013445
134,0.4972306156582924,0.27358845111016444,0.4086204114441412,0.7109403429857906
135,0.5875714343650899,0.2617012642243653,0.40863686608826066,0.6672840271437285
136,0.5392178588520388,0.20754537243805074,0.4037849000677118,0.7029230472156316
137,0.5612966112133756,0.24595788419679204,0.40137506521945715,0.7079018897243553
138,0.5019700404759464,0.26090024060331696,0.38965474082381224,0.6948959965138152
139,0.5252123147350334,0.21686768881612448,0.40121869829239665,0.6690155645994743
140,0.5455021092590024,0.2491118056783796,0.4379882963957586,0.6746966393262452
141,0.45255381433131,0.22928361239056533,0.36371248599751455,0.6839932015944623
142,0.5421344632984352,0.26517412428018333,0.3540913619845173,0.6850133729260585
143,0.4988612522604547,0.28854625816131335,0.4397800122337944,0.7031489663423668
144,0.5542649358878652,0.2359562959750217,0.4211263695455597,0.6708914443771886
145,0.5119833601694519,0.2677855569974042,0.40675725985960576,0.70442883015957
146,0.4910588182148444,0.23706319952176755,0.4233613441595555,0.7165043377918968
147,0.5081201480683784,0.24220641637772466,0.3865801977332688,0.6775677974903371
148,0.5275723736131375,0.22597953326157658,0.4305806454144448,0.7003263257775857
149,0.5179614594406474,0.24051220789562178,0.41415461947203963,0.6913175796320237
150,0.5270557684016624,0.29727626553273645,0.42775653601946034,0.7215145394744573
151,0.4876548399273455,0.27667761535040236,0.37873602477030865,0.686839130208949
152,0.5157642132805492,0.25529205488630424,0.4596000880083584,0.6953476080098006
153,0.49997572619792224,0.22886805648720934,0.4022621777805236,0.690506466584825
154,0.48845148510346,0.28545128652990526,0.39846639171045306,0.6935958971723201
155,0.5191237435500116,0.22513109525412836,0.4503127568891333,0.678072344000554
156,0.4956137334212201,0.30973553849310426,0.4524473202736365,0.6770157222756541
157,0.5372355039216836,0.24407209046240247,0.37310975361302806,0.6312239719436973
158,0.5285010567373525,0.23954876409532763,0.44147626207007806,0.6531917337492832
159,0.5697403005172996,0.25191169910499556,0.40819188517372185,0.6837023957598871
160,0.5506512453897324,0.2682560987234183,0.43181848202690926,0.6674782949909857
161,0.5304252521238223,0.24552701270070632,0.409817405321889,0.639984898165742
162,0.5648521637623212,0.27773373905543747,0.4117317328643438,0.6900099487308685
163,0.5692030045947665,0.24415304250993736,0.41625631731164064,0.6741683941822024
164,0.5697169684067231,0.2405590855372806,0.401244006944466,0.6481851064403924
165,0.5567890342924886,0.2468164450107878,0.40103016280749104,0.6728774863519341
166,0.6178217256772922,0.2435750752445678,0.3916265829044633,0.6738991835541558
167,0.5120613284805366,0.1909074861737551,0.43860719717756336,0.6364368461880097
168,0.5082013590085014,0.2582276273682319,0.40554086451719307,0.659148258863717
169,0.5395073140551071,0.19620160206904186,0.43495847179517705,0.660239500125406
170,0.5618244045240217,0.2263348970374182,0.36805704287917257,0.670544750048917
171,0.5419674881255758,0.26951299419618074,0.3948176834904658,0.6584542538606355
172,0.5281961436123449,0.2302110629607531,0.42755149360689415,0.6599313585613689
173,0.5208943195405197,0.2316982570954587,0.4213923880890526,0.6640970552188746
174,0.5246596700381148,0.2276156606633699,0.38863287080706643,0.6755478080718432
175,0.5228782031497584,0.24384678089134768,0.39004258850601486,0.6642711764640221
176,0.5785508317335608,0.2795911812968745,0.4269642554772864,0.6546712436555214
177,0.5609136917176155,0.21853840630802063,0.40858509571893,0.6400106464656201
178,0.5654307904484815,0.2492575123559731,0.4377967267068626,0.6736976121748075
179,0.5066625917617061,0.1869954630630569,0.39805773588464843,0.6427925052858857
180,0.5249007772248933,0.26378656892090574,0.4195415131974887,0.6713416240591027
181,0.5453549986072463,0.22273675264224851,0.4001629991951962,0.6724770108816511
182,0.5407099052455375,0.25142646697411986,0.4564457148397873,0.7039889222840082
183,0.5295601002987415,0.2162739445096258,0.3868159336448171,0.6103538037674465
184,0.481697258062667,0.2886542622345857,0.43254082168612923,0.6764366848541145
185,0.5294534585705684,0.18642779840871676,0.4435585880739879,0.6589641012924571
186,0.5064990700849584,0.21086800187647992,0.4067052539264015,0.6604836876467297
187,0.4960052032864555,0.20985321533437196,0.4274172595460598,0.6373056251412852
188,0.528258299398394,0.28670428983432694,0.4501265498705555,0.6654130618155323
189,0.5467298511016356,0.2222866938991885,0.45046990691189237,0.6779324028223054
190,0.6127615965190126,0.2565893856286616,0.42416918855047636,0.669693765563699
191,0.4372073281226253,0.19804437309238634,0.38460650342769853,0.6757364450126334
192,0.49740798565436156,0.23925558585103757,0.3931731393046536,0.6747504485320025
193,0.42476489470387035,0.259078172405094,0.40418922182541667,0.6483255745679867
194,0.5273537226291957,0.2565613932421783,0.4088148272944901,0.6750052349449963
195,0.5287871926960954,0.2365094745364092,0.42122240427831065,0.6598518034581593
196,0.568281062662058,0.2726491326492244,0.4339214874128711,0.6859936661281659
197,0.5051153008028513,0.19098827144032265,0.4422806022144806,0.675825977691039
198,0.5110479258793453,0.22479641386314844,0.42196450236850913,0.682554273288291
199,0.5297370812974785,0.25324301299048657,0.4028291033707924,0.6651820943168314
200,0.5076887630562763,0.22873547280369666,0.38239586011731064,0.7023735728337764
201,0.49441535213210575,0.219634651675904,0.4051356817747034,0.6760795434229714
202,0.5828894181949882,0.23423446691734026,0.39763251954016,0.6932151305023173
203,0.5124811668943984,0.2640655536653298,0.34249080783774327,0.6728835959978475
204,0.48662231162279324,0.22921170102813357,0.4512944122213277,0.6982991734590914
205,0.491799068150462,0.20946498925773213,0.40973679320967293,0.6560748338778029
206,0.5043705490601579,0.21668939382898428,0.39804102055394064,0.678306167811312
207,0.5135931062614464,0.2111578971621052,0.4658431758810392,0.6656762185353863
208,0.5410039272723466,0.24093232076313872,0.44450193280749317,0.6790179472190414
209,0.5966468483221966,0.23606493620553376,0.34147050546138563,0.6743195571273746
210,0.5958961549608709,0.2708260253161993,0.4421973740601917,0.6755372929443559
211,0.5932813884276523,0.25631156098618224,0.3917369449883311,0.688417176950443
212,0.5764379556747831,0.29138059928690857,0.4382004103343642,0.6877890735292566
213,0.47154807240955393,0.23249724546149658,0.3905344795140937,0.6485110128144511
214,0.5117330372772471,0.23955085706504817,0.38265215466018937,0.668397998316891
215,0.5519424476809244,0.2394011324071354,0.47429333788473416,0.6773899746542401
216,0.523601249198464,0.21482524560981456,0.42676584724182076,0.6638180002723963
217,0.5556253181262328,0.2743777507656248,0.44336897129485203,0.6564115442209129
218,0.5842964984449035,0.24011981502390226,0.4105042432858834,0.6712193543141124
219,0.550628130336467,0.24660173748597528,0.4338095627826902,0.6589267530676387
220,0.5383031265622309,0.2628086825319358,0.4044328542113956,0.6603012789719256
221,0.5367771359290754,0.23760440541786848,0.46837728324628897,0.6577383635306377
222,0.5906636335021794,0.24870237997275027,0.40412579273503063,0.6640794009476144
223,0.5382124544708995,0.23516611090561165,0.41799044497450016,0.6616957126044573
224,0.5589601112513527,0.25728470090866257,0.43751962865107785,0.7011432960902141
225,0.5597521577962802,0.24497736679063842,0.4168444830754257,0.6894908237251995
226,0.5020054458696462,0.2549139798905758,0.40972774257204514,0.6834211191872859
227,0.5685433722013994,0.25736141720536465,0.4302109046174361,0.6747358477264676
228,0.5514663264569323,0.23635266513448375,0.3973028700487561,0.6951883677026178
229,0.535919211080019,0.25391230205073007,0.3911065509245234,0.6792363858775146
230,0.5739286565798334,0.2936727459930067,0.46484482788856407,0.6893871689761436
231,0.5063120945195461,0.2503680087419246,0.3903707142958809,0.6788716755155298
232,0.5592168457207295,0.24130671593636385,0.4385016132254508,0.6768829003018728
233,0.5639800151165042,0.24947755082051035,0.41462340543503423,0.7043726403027658
234,0.5657952148880577,0.26133871080284365,0.38823557677761317,0.6997130565088221
235,0.5404133050743047,0.22825308188321644,0.3909145844391166,0.6600311940747885
236,0.5271134767743456,0.27321264508272064,0.41497115758178355,0.6631912980770928
237,0.5208852512029633,0.22542690218736774,0.44574405934789624,0.6708182035172935
238,0.510702597402038,0.2449748243942335,0.43153774755739277,0.6876195354050347
239,0.4812054753372592,0.23159999331493444,0.4199829624793516,0.6490962089428626
240,0.46450013594106115,0.24285347061936394,0.4103912892603032,0.6840829686089772
241,0.5161255180724682,0.2431329779292004,0.4013644755175018,0.6839703055979423
242,0.46721122110294044,0.25600753313452895,0.3905288322534786,0.6790903500549716
243,0.47256613604856895,0.2260485312118025,0.40076709281181205,0.6824060436429592
244,0.5320191616450083,0.20599704541517677,0.4111650921074044,0.6477754663706602
245,0.4713512404491836,0.24048503801548757,0.4106053100408629,0.6697530598770962
246,0.5595186801323654,0.27164492116942957,0.41458018753983505,0.6575259719046637
247,0.5366826540751206,0.2501857677813545,0.4310115855777332,0.6831049344149379
248,0.5250204903999076,0.2212804453837597,0.3788655464641817,0.6850213034648459
249,0.4619035040742591,0.18660327307504826,0.42443730970732757,0.6599594994578013
250,0.5046186008881338,0.23798341651205351,0.40603110886798743,0.6864819796788596
251,0.5192933282027205,0.2558510161995279,0.3669495561468124,0.6806447071585155
252,0.4753993698524475,0.22859077799653774,0.35764347844065036,0.6658075322126434
253,0.5348346203262245,0.20823002460260873,0.403688475932782,0.6737277390862679
254,0.5139868920067834,0.26500917066408447,0.40016622916971845,0.6939415767661042
255,0.5205630191035242,0.26376055094617307,0.3334900076634346,0.6792645826396007
256,0.5378055110910797,0.23799312872183878,0.4396898954399011,0.6712717922759873
257,0.5202147764505113,0.2660065314936446,0.41329909922102953,0.6862650305972954
258,0.5032887725230675,0.2732638782883974,0.41991825056068977,0.6908326022404149
259,0.5368101240495191,0.2187400204326692,0.4150093405858076,0.6499017750417347
260,0.5037853102651932,0.23340070781587918,0.4237883190807633,0.6864600629736095
261,0.5426554966974911,0.24530623744621022,0.41961486184841285,0.6336298386568088
262,0.49389260484015735,0.21982030329042257,0.41331519694920255,0.662196776213071
263,0.5608343892660866,0.21791653369065092,0.36640667815330863,0.6571994892800425
264,0.5257366111880913,0.18605488673056864,0.39292033025636475,0.670296345801932
265,0.468121195544237,0.24416701518970121,0.4169084171077563,0.6580451384869737
266,0.45038744044953194,0.22398715296719407,0.4078450735291878,0.6593146013613568
267,0.531447292281404,0.24672201269509847,0.4344054848951122,0.7045681379516119
268,0.5462626515873686,0.25718426673287337,0.37659815679169445,0.680990996283972
269,0.515964583616338,0.20731367509892398,0.4097875277573067,0.696508947521521
270,0.5351386199537471,0.21142346138801296,0.4189611889449154,0.6849252558203557
271,0.42961001425542455,0.21170368493924413,0.36551988783664735,0.6876206822365362
272,0.550869792658163,0.27699296802993056,0.3995247079292054,0.6960126253067411
273,0.5259978128435664,0.22222001837901287,0.3298787702425823,0.6530118445864252
274,0.5706483166888004,0.23757618479226866,0.4034710422608278,0.6686951274724775
275,0.5077387402754565,0.2359934125052647,0.384602842866753,0.6835508189936198
276,0.6011921526789561,0.197623396161269,0.42673854503105685,0.6708729554270617
277,0.5312477767952216,0.20453886873851426,0.3534379814048222,0.6473364635199614
278,0.48336519389074184,0.2776145406454253,0.39932208142959813,0.7023625969874391
279,0.5531097232074312,0.24908524826238918,0.3829045590592455,0.693148542606395
280,0.5358338723712461,0.27757304134737665,0.360241022692951,0.6952294260564881
281,0.4599504387430786,0.1976194273942518,0.40359193150327033,0.6580284625404812
282,0.5607602520677921,0.21682766291674344,0.3972434419062874,0.6523845232133425
283,0.5040561657831141,0.19581829153716518,0.43448221540999205,0.6598491018001594
284,0.4948660899826991,0.24356361371506413,0.41981945786591934,0.672364861213889
285,0.5759381275176676,0.2165454246644263,0.40167625288472375,0.6737307856901985
286,0.4465975159863658,0.2962589761197248,0.42158510152767165,0.7064530309772091
287,0.5089042173726085,0.2621215308590955,0.4251964664604683,0.6808643050056085
288,0.5471785737421783,0.23582184136410098,0.4177578062330517,0.6799449734314859
289,0.5250095297477148,0.19617592207593398,0.4110838602782177,0.6795337325903473
290,0.52685133825255,0.23847938758399526,0.4077760202184204,0.7165610022593741
291,0.49111002824592515,0.22305181215861214,0.38514171197126573,0.6796324644247075
292,0.46653416399629016,0.25847249905469666,0.39071089819003596,0.7061135436341115
293,0.5529619736478241,0.20925697623622055,0.4157566676293601,0.697130680591907
294,0.4868439221712527,0.21300642026517796,0.39101914250337094,0.670975657624461
295,0.5591424416855747,0.23123229721281466,0.42391827344897015,0.676613440529354
296,0.4847891154480349,0.2104847535302327,0.4066732528361534,0.6783078281041272
297,0.4552058139494532,0.25028416545640136,0.3954125333760678,0.6829883694106494
298,0.515297870487402,0.22988851001602462,0.4153708384570453,0.6743393763103085
299,0.40585123989095445,0.22974731062557713,0.4067266328209421,0.6864358776908691
300,0.5291996577381265,0.22034570751326918,0.41217783935577973,0.6808760886133579
301,0.46521131174227376,0.2243484762319854,0.4169353744951143,0.6828116823130916
302,0.5104274872301087,0.21149961724661195,0.40924690744631353,0.6945524758490953
303,0.4979864134265874,0.2507284506286509,0.3951760059811997,0.6813425647776469
304,0.4591081618152297,0.24545603131900276,0.4094630711999004,0.6849250345374045
305,0.49861681988467516,0.2350754882298516,0.4312774758103288,0.6872015420761385
306,0.5182656530221458,0.22302548876665834,0.44912877223016273,0.6908728943194944
307,0.5151495732120768,0.23954220367946838,0.37786251349997363,0.6631298364132386
308,0.5014567710411771,0.23951281470321606,0.4603065849884819,0.6667977465645564
309,0.4306650487536226,0.26121306577152975,0.4132407608635259,0.6747659361268048
310,0.4641027010025705,0.2380243123478991,0.41385592802562454,0.678522456509927
311,0.4904313735154896,0.1986004316882191,0.4255442521165394,0.6895940591839739
312,0.5281521426793069,0.22679470960608158,0.40937706573115995,0.7046969154095652
313,0.5652111537215334,0.22641406467358333,0.380224130130384,0.6774628475479617
314,0.5514466092840073,0.21412559642458381,0.4330843326227984,0.7003126555848723
315,0.5461349596728423,0.2722668777495423,0.40899957704495626,0.6822700944913748
316,0.4959864096857859,0.2776903838136805,0.4212368818377373,0.7122472353137628
317,0.5185693842278561,0.21400543213943485,0.4405024284640811,0.6638211972702722
318,0.5038797208218032,0.27649512447902563,0.390013326178367,0.6880196553123975
319,0.5474888217104026,0.2323662708941624,0.3924717707147658,0.6973711334816669
320,0.5326722781633861,0.27440910071469204,0.4200887249811831,0.7033430302086187
321,0.5225723542526379,0.224836521856454,0.41813306603173533,0.6718512600360946
322,0.5208495480588428,0.25731437018052283,0.3988869761123547,0.7022970702959064
323,0.4455574030134593,0.22197092188894735,0.36054208913509833,0.6626710073062033
324,0.5022338294987381,0.23764318198725481,0.4167424790456357,0.6854174345286425
325,0.49802138720747147,0.25562259376739316,0.44985211551395815,0.6887991061145927
326,0.5121342039538571,0.23360143955843607,0.3906126756308433,0.6971662981149944
327,0.4632507956747298,0.2748028377905032,0.38505457428515694,0.7067287449739859
328,0.5217384144600985,0.23013364090649727,0.4396253128710287,0.6949665706666733
329,0.5154585543008894,0.2316910241499342,0.382975579635218,0.6921815511975118
330,0.5144675959437444,0.2647825182183927,0.3842524836447575,0.6821905391807868
331,0.48726369155094684,0.2579503452254848,0.42559275671342617,0.6652004548293752
332,0.5669851086778036,0.2558676859528358,0.3806419290971039,0.7073138280094368
333,0.5166998987814347,0.28227545446270536,0.35690858270849546,0.6985894025986753
334,0.5616940076665263,0.24104034075604272,0.4588815634742975,0.7085327978961624
335,0.47090134527244454,0.25676143377161076,0.3994806751771709,0.7023365537703588
336,0.49802036800791194,0.21425848927065583,0.41896876028324104,0.6824977741318586
337,0.5253308007215516,0.29477885007874643,0.4290600259245234,0.6871602253850333
338,0.5790236396732524,0.2599198909285547,0.4222108612818307,0.6830861036492585
339,0.553415566351022,0.2355394721914182,0.4275359784170396,0.6668014698325312
340,0.5242463695295485,0.22767664497911366,0.4090998365189563,0.6403474455759431
341,0.5332869137331616,0.26007372496940856,0.4197752060234234,0.6873573516916428
342,0.4927731472060557,0.2558599415161753,0.41757698416165184,0.6899415456997284
343,0.4827474982735305,0.2962909310606872,0.40899610752777305,0.6520209297244007
344,0.5386307577165103,0.27699430032960765,0.3627036524819068,0.703968899224829
345,0.508994836455657,0.26010752139989324,0.41187747407776526,0.6705035246954459
346,0.5150238925306607,0.23389583036747413,0.4105707375752151,0.6623127243282017
347,0.5388601266165923,0.2737457275853378,0.38856768541880987,0.6675637270754521
348,0.545843975572173,0.24669743995769608,0.3680024622655614,0.699530229131876
349,0.46671321434361007,0.22833222286613544,0.3935294818568966,0.6649049925186953
350,0.553195812398684,0.24353794560907402,0.43782475101261026,0.6590438914764226
351,0.5033239083510078,0.24993228200935844,0.406821000593752,0.6817855038554822
352,0.5520322554884719,0.29213041651049343,0.41324347509045123,0.7161966956739971
353,0.4911155299265149,0.23435851658823434,0.4352755920243393,0.6757361364290981
354,0.5364245265273525,0.19136657630807394,0.377577890167591,0.6833958295244752
355,0.5345429144330087,0.307092746892978,0.41021696791618734,0.6743146821805616
356,0.5510285924320901,0.23886347715326683,0.4222177928128423,0.6874421777544866
357,0.5477737569126022,0.21221435375270623,0.41447292658423507,0.6695266179535067
358,0.5700251442223415,0.22384837924214987,0.4243803790918543,0.6712603986213262
359,0.5377868775116503,0.2569761184657861,0.37246650422722155,0.6696376738235618
360,0.568608572699483,0.2868032564544385,0.4037204033654154,0.6935182108661685
361,0.5177460452977749,0.25881789273288713,0.3573175865420097,0.6731958237545704
362,0.5250433136126683,0.22174891928130305,0.426382104674566,0.6862992130153811
363,0.5306440473902332,0.2449006926031891,0.39992338235195574,0.6830954869750524
364,0.536046310878611,0.27470946094656556,0.4136000638946193,0.6751032641797476
365,0.49207265793664223,0.2537713331818918,0.38436042370658374,0.6281927471185963
366,0.5810146529296564,0.24359890024302908,0.38975424740383496,0.6646154669572228
367,0.5258474889976937,0.17295120768851427,0.40086612519347975,0.653218046858041
368,0.5189744532926345,0.262328938936059,0.3926863755366232,0.6883900156475371
369,0.48043516808997705,0.27254126953817914,0.41969309653008596,0.6754992574141039
370,0.46620860849065204,0.24260361354205026,0.4213513814110263,0.6686352494583344
371,0.5345951219900306,0.22721675798338326,0.3848583806193373,0.6708291191423696
372,0.4984249347191453,0.22765229538833456,0.4473015025844199,0.6632487294155862
373,0.513505862778537,0.24238970966879628,0.4386004543139936,0.6875018537969003
374,0.5745842856018563,0.3120631224311031,0.40050937224254113,0.6860645293011239
375,0.4827844091204606,0.22812916137502573,0.4148946808616117,0.673882829047452
376,0.5530107871084646,0.22119376181802033,0.3927513128431077,0.6652948099029318
377,0.4461935275294634,0.2582420641209643,0.3850517440295676,0.6770609062771498
378,0.5386137359501778,0.27290760300720845,0.37545183947150174,0.7034373631423201
379,0.464258909355453,0.22567009178415143,0.4140166918990137,0.6731419197399228
380,0.5291214547590711,0.17690897434492936,0.43765135684542067,0.6568933381303893
381,0.503720407346115,0.2573247275070982,0.42066932939886414,0.6840105910507248
382,0.49916496817469774,0.24519033611745816,0.38362682745641963,0.6987849317222743
383,0.5402184447517526,0.23238268498598993,0.4311671921340656,0.6593217314815955
384,0.4990836906045778,0.24780741415358973,0.37548929663925845,0.6709561626705062
385,0.4485898980815191,0.21289846982187963,0.352160108640466,0.6462544117826152
386,0.5255885906672201,0.24872372362896855,0.41420448904794127,0.6698605182261593
387,0.43210444112186674,0.2475504230226515,0.40106995528190076,0.6742701284641663
388,0.4930399991123115,0.17186154836316944,0.46545764934012607,0.6573608071272808
389,0.5590657543778572,0.2767436109125728,0.3994554126361168,0.6657543757869231
390,0.5885825080842273,0.2770077443751447,0.4626007568302738,0.7084844474601802
391,0.51238419985899,0.24791201205040833,0.37549983409666754,0.6641581667362398
392,0.5428419374294261,0.3010492817226819,0.435968212639143,0.6753425481315769
393,0.5618033712382082,0.26155410680234725,0.45878785746693634,0.6973687695341609
394,0.5857829934986394,0.2206357681279056,0.43602953941556455,0.6936351062301364
395,0.563986635957016,0.19323417795587977,0.41216556214739736,0.633622222081354
396,0.5217801587009818,0.2754584742714041,0.4218558007728104,0.7004104659215243
397,0.5339204861227542,0.2491967221146108,0.44164222502944844,0.6977599689827435
398,0.5259107203919047,0.25213116309959205,0.4341478669627392,0.6882709641012165
399,0.5335080427195588,0.20766658969867555,0.4646555328378121,0.6583037060681569
400,0.5561321101749005,0.23327305083926037,0.455775449047543,0.6714917773475818
401,0.47300043010838105,0.2650581521365951,0.3854481465986784,0.6628547162167688
402,0.564864035200306,0.2377054916672686,0.44996393757996545,0.6698992136290248
403,0.5322617840115764,0.28609511230922957,0.430468558909307,0.6784808091406472
404,0.5442861866199507,0.267514361510711,0.41558884304827026,0.691653306547555
405,0.5479758182711072,0.23793047755483163,0.4291627970603125,0.6591933017375285
406,0.5563760071582389,0.24592747938087742,0.46000273099112154,0.7008741089499732
407,0.5469147161285005,0.23948870992909832,0.43262054534994077,0.6856534669490638
408,0.5381901344280126,0.19776356503405518,0.4156165912122969,0.6662483544481592
409,0.4930808825441926,0.18643310969297633,0.43383711389167934,0.6595998772494022
410,0.5980954585625049,0.25828638347860916,0.41175504746309305,0.7025282275257699
411,0.5122710103383196,0.23103844521451194,0.38482353457207763,0.7013534044617036
412,0.562849808409459,0.26019365856125826,0.44830871601320443,0.6691128968912146
413,0.5113755390065731,0.27424786015188024,0.4238241805226698,0.6846170787836346
414,0.5199647714452656,0.2382099075085636,0.43013066376557896,0.6884911336542942
415,0.5224486819296784,0.22381612420371,0.45379358348297244,0.6563771528866605
416,0.4863510220621967,0.2537251241687905,0.4544876212820365,0.6676169522297155
417,0.5498965745103461,0.23432075023658797,0.3930496823547053,0.5922485600978726
418,0.513748035951851,0.24414888137699564,0.3876837940879916,0.6704856085385603
419,0.5472880315565958,0.2008644149355275,0.44335466281457536,0.6520438948891458
420,0.5253738353260332,0.26906180079587355,0.4247390693836678,0.6585934469298057
421,0.5198239541145586,0.2241214801786088,0.4089405893778183,0.6407162572962832
422,0.44121788830024594,0.28539356323324644,0.4025355124121253,0.6771622328937273
423,0.5496083188866847,0.22297547023508468,0.37984531437740987,0.689151061514398
424,0.5401787709137104,0.2484060717579651,0.44203041170592766,0.6628315248380588
425,0.5222184209639573,0.21571302126182731,0.41813739567260966,0.6612585271462149
426,0.5037593085386722,0.21232105246883043,0.37233852775641263,0.6598189455821692
427,0.46887297074308665,0.2225136001454503,0.39501761481112685,0.6649027804832363
428,0.4797041834824353,0.2890091203497443,0.3754431709510153,0.6757176031767274
429,0.4746541499187299,0.21800421737803266,0.40751462479730716,0.631156952481275
430,0.5726583587299893,0.27210183899845164,0.41022007926036747,0.6485785746602097
431,0.5654473294923076,0.23548623572587823,0.388256017678446,0.6808520137392067
432,0.5325510815699405,0.28479802881566935,0.40748768707309474,0.6773236681329192
433,0.5591480335294893,0.19513385820675402,0.40758335167522813,0.6385940987598945
434,0.5188904380037049,0.21529788843917297,0.366605846680019,0.6623784565738098
435,0.4816238952035086,0.22018119539216618,0.4045859208792358,0.6654833164726424
436,0.5855471674318653,0.22439834001665468,0.420586697411284,0.6835083218746761
437,0.5293637465804695,0.24013438693766764,0.3751147589846002,0.6476703321957645
438,0.5151372198436747,0.2467308397552181,0.414513803528562,0.6678988019663206
439,0.4446689302856638,0.21387589463186993,0.40892839743806547,0.6408526141853014
440,0.48286133913368995,0.28285026085143294,0.4349485323043966,0.7086519744659151
441,0.4766240517519839,0.23146250688435435,0.4714873189046399,0.6614282240287974
442,0.5531531738861951,0.22349027828212692,0.38941349143612336,0.6960851823618802
443,0.5800512697112733,0.2600567652425773,0.39640268084339036,0.6488012211746881
444,0.5433891840198509,0.25657199552149484,0.41849613950476183,0.6757593500147354
445,0.5829413499137608,0.2433759080184893,0.3758630762562259,0.6888764968362444
446,0.5922715267295589,0.2918738168594414,0.4089832606724199,0.6956999393060743
447,0.5241494297952028,0.23575067445520273,0.39329489818961505,0.696384435665871
448,0.5002475039312375,0.26022854696332104,0.3993814508062705,0.6997700316577766
449,0.5463261743751001,0.26477187880388775,0.4275154659347717,0.704699154123735
450,0.5232936433209273,0.21798338059977626,0.37037354659056915,0.6837079150859345
451,0.5114745253867155,0.2130517228210456,0.4160568183247372,0.6602534638416024
452,0.5656021958823051,0.1974052624786701,0.4066912298917763,0.6736480748656433
453,0.49247550383528,0.22733842535803017,0.39834294541944953,0.6510699877653017
454,0.5808702109076778,0.236890311008032,0.40548330169204216,0.672423245405391
455,0.5217458521720912,0.24086948175095438,0.3977235771360007,0.6700127377825428
456,0.5561246161206108,0.29420685216501563,0.41621682799693954,0.6996794292412932
457,0.554474643989983,0.25658888973256905,0.395062372115798,0.6974948751567377
458,0.5729451791532432,0.2551247694285332,0.3900706272642894,0.7188353610253796
459,0.5395011547525347,0.2442462637486419,0.3652108288112292,0.6863408576662144
460,0.5078392011053875,0.22205335069731452,0.36637464644739276,0.6696202245606073
461,0.540324023939298,0.23150492009554374,0.416831722119768,0.6586127793304529
462,0.5851419669676238,0.25709355312718546,0.39608777620384356,0.6914976735274994
463,0.5235161388276136,0.20800574066092828,0.375911385068455,0.6490379908441574
464,0.5438909999353587,0.2712559471589358,0.4290632056221503,0.6917585346587651
465,0.5589720959745131,0.16455575305656067,0.3607445692847002,0.6490722177092382
466,0.5086017221471527,0.2626883674988197,0.42578761593373,0.693718108384364
467,0.5782057636484081,0.27018517259728264,0.3902222056263229,0.6736535978948928
468,0.5198293721666477,0.24379224638614047,0.41278907491181605,0.6703599712792732
469,0.5147359784771992,0.21753623677615835,0.40857403211092425,0.6203883463567368
470,0.5335386849557243,0.26909121773449735,0.4229329779020622,0.6610817933927974
471,0.5103985048455926,0.22531847599612553,0.4303447942272838,0.6685497116419991
472,0.5044611931849161,0.24473306137669426,0.4174598745870111,0.6491090364085467
473,0.5148257924818521,0.18691427726305815,0.42797650248741415,0.6439170468164115
474,0.46270564422979504,0.21285437414301572,0.3566937800773382,0.6393226193776417
475,0.5079673390148586,0.20767038962381246,0.4104425894510294,0.6568891823503472
476,0.47787689693626034,0.23844844935738402,0.4311186254620469,0.6780481496979193
477,0.5391561594619926,0.18630674468119238,0.39444045322057647,0.6189071962706564
478,0.5578697944492819,0.23018768776992732,0.39440756898022133,0.6728747085426735
479,0.44951488936910405,0.2166448859414204,0.40124992317755037,0.648890410702282
480,0.5289676724670882,0.2039883288797002,0.4148220525681557,0.633037808425601
481,0.4623139931609475,0.2568363216677684,0.4313286056240707,0.6574533933535314
482,0.5560274230152844,0.22799813553631965,0.4216307041467535,0.6597718402438149
483,0.5711666798228509,0.23143799971947707,0.447235798533074,0.6512131302179001
484,0.5257877999169908,0.2437387579526443,0.4450831013449548,0.6600156781319059
485,0.4895687627900416,0.25378423139469025,0.4070998836612004,0.684306014234589
486,0.5644168514948025,0.24602109155333712,0.4129924355488649,0.6743918699918237
487,0.5065143491366539,0.2046875457256866,0.4466923506090452,0.6340235018762356
488,0.5505472007110171,0.22942018816712495,0.4322869672257819,0.6804250165631727
489,0.5057654984263694,0.23692183554320603,0.4061506026772123,0.6828372588000422
490,0.5142536724798242,0.2580917031824669,0.45092351855266644,0.6569352925900779
491,0.5237261996627587,0.2768021983887899,0.40826989237940253,0.675532438639502
492,0.512594731578341,0.2481139373341974,0.4241586146936746,0.6672675438308804
493,0.5357009141064352,0.23764020438549127,0.43294168544860195,0.6468327179011879
494,0.5679807450938283,0.25866194587432106,0.41367836761406607,0.693331963996492
495,0.5462604577628735,0.20654399706882476,0.4221531988875223,0.6512985415551346
496,0.5476087920173526,0.3121534085539334,0.4211691188822012,0.6755101125423143
497,0.5520079635030289,0.2647306673710308,0.40138127619208724,0.6829854508672889
498,0.5509143358114555,0.2696764152241401,0.4349912894291678,0.68481005396857
499,0.48975018515150825,0.2732017361932436,0.46391313627905645,0.6656167660353199
500,0.4975738877420028,0.27563493077252366,0.4027212610399935,0.6915525328066758
501,0.5343742532442192,0.2681328995999775,0.41661583305309285,0.694898143876459
502,0.5532627879742502,0.28938094887608656,0.44849153113687834,0.6474122968987738
503,0.5218814440923485,0.22249726484357618,0.3930486359111806,0.6587988011581207
504,0.5270398577573587,0.22858763245109454,0.45236015257511025,0.6602178216071144
505,0.4480163423943484,0.1656007220140319,0.4060536296760008,0.6543156989154082
506,0.5261141567649352,0.3468764865617927,0.44349453954634077,0.7011829841000908
507,0.510030876493102,0.2567705323449967,0.4159649517551755,0.6597489319308553
508,0.5265082876611715,0.3146223118629627,0.37123295649475,0.7055023362891025
509,0.48556801760401896,0.2766417539411679,0.40584193897978554,0.6847293535538412
510,0.4960663799362281,0.21195427869509903,0.4419336651923974,0.6756786151657034
511,0.6352729732652578,0.23319310172861268,0.39683409984144846,0.6794648180842585
512,0.518344622512857,0.21491264602900692,0.39934317725025714,0.6694099930552252
513,0.5211013277640107,0.2241791714163506,0.4118173692693135,0.6801291884739374
514,0.5087845832154904,0.23660980031550025,0.41008344236272126,0.6699814301071462
515,0.49006918066601357,0.2867616543585228,0.36245716071115247,0.6530895093737538
516,0.5386407712638962,0.20523128743763547,0.42365662546520927,0.6542983820633023
517,0.4712573380453203,0.23627284383433805,0.38215941128232067,0.6690538225884081
518,0.5660412925874442,0.24242492262731055,0.4185510359197605,0.6712688601361575
519,0.499340904695749,0.2661613378830667,0.45142514735452033,0.6540296645427698
520,0.532654149046132,0.22843697020005216,0.44388858352176463,0.6746149912020338
521,0.5379608401231556,0.2896484710222525,0.3941018127615552,0.6365811864718389
522,0.5070511499640332,0.18510835753593288,0.43095661038739613,0.6539557797941264
523,0.5614357161320609,0.23763802708839107,0.3923998437141167,0.6578829493049041
524,0.5432331486561354,0.27630961585175423,0.43845613306835013,0.6973112555176282
525,0.5200944696913227,0.21542724108218836,0.3735501331795737,0.6468115063247606
526,0.47976130309243153,0.2005429371650131,0.4186009561824303,0.6576568901703005
527,0.5319802380359073,0.290850352505751,0.361828839385499,0.7013027279444782
528,0.4750880590395096,0.2838337753650331,0.4087987261045923,0.6962819249424758
529,0.5129692923369142,0.2230691906097605,0.3967436841214254,0.6617610257756649
530,0.5303251324399681,0.18037870763732322,0.3868155019819121,0.638244965705781
531,0.5061933919613801,0.20403719406893733,0.3921514829493748,0.6298553444671242
532,0.5979528518617372,0.2281677834388978,0.35809736828031724,0.6510113642565887
533,0.43350114821020796,0.2243722790089109,0.3986652899326414,0.6528073042504776
534,0.47559375288978184,0.19558725519322684,0.4185403698544719,0.6824912121798931
535,0.4539097038072207,0.19106212181900223,0.4126760796252877,0.680999124261636
536,0.5147739603661979,0.20341183559786313,0.42376233944314035,0.665057778767054
537,0.4811283551977967,0.2613428810894589,0.4236376347815887,0.6531823645144553
538,0.49158767331249825,0.28764666299599384,0.40734822051150044,0.7050785009922472
539,0.5498712960223534,0.24762921415255865,0.42460313668702243,0.6740923765887818
540,0.5049149954329955,0.23463441736200458,0.41218037435926114,0.6716166765341245
541,0.4841632172551566,0.1862368844351403,0.3346003354351842,0.6536703016634657
542,0.4952275022122399,0.1817671675323469,0.4154865492388188,0.6798317314096772
543,0.4983315029556943,0.1836400675750131,0.4041674542662436,0.6612840628257031
544,0.5369869672876568,0.2667465808153968,0.4125292489188545,0.6751527413333779
545,0.5460563293956673,0.24683756846140134,0.41279811175705,0.6506659095596138
546,0.5128611294731686,0.2532082612336679,0.4631882707778826,0.6614527379291297
547,0.5341787612020067,0.28368527259619175,0.3837053717659062,0.6920519661298118
548,0.5403537823808894,0.2850132270063107,0.4441910946779438,0.6830942964899025
549,0.5484619962450359,0.24484654479321086,0.3788162013267363,0.6737896907219728
550,0.5745701390559712,0.23630677663391217,0.4465610318639288,0.6716660383895239
551,0.5052179490842466,0.21056297226765458,0.46433641681729143,0.6654258370472955
552,0.46985426183222057,0.20170522969672247,0.4355456539281073,0.687353577302896
553,0.5247947659555037,0.21372221675079323,0.4062716638451986,0.7048874083728256
554,0.4729680196359532,0.26371745794440166,0.4519907381679365,0.6893621001876442
555,0.5012947314152569,0.21288851078593257,0.4311492083373681,0.649032364077605
556,0.5229558959842422,0.24378615364681042,0.40296750735891085,0.664860982938255
557,0.5250081375511941,0.23033447290381198,0.3915132488571087,0.6616269527210054
558,0.5590034065701077,0.21822419714846938,0.4142737575375704,0.6725110171178899
559,0.4356958645358157,0.24131126241343104,0.43571619104283654,0.6615705126779016
560,0.502969137794106,0.24817608202021924,0.3948423289250361,0.6770022426728997
561,0.4603219181895172,0.22325276453691792,0.4158597040610197,0.6811288838071913
562,0.4941730086197728,0.2456644450493632,0.4358274770551728,0.7056342715904556
563,0.5195182771809864,0.24587521481311628,0.40636116431402547,0.6555083094263607
564,0.5097436656194579,0.22412071499662048,0.4399756870129958,0.68649762233763
565,0.5218466421018464,0.2405554062472223,0.44117734488449045,0.6673094893883108
566,0.4890778602101622,0.224334581942721,0.4213356665885603,0.676030611495528
567,0.4499485374844579,0.19583926202122834,0.4321789567731246,0.6642120925471912
568,0.5321913564324522,0.22212206061842404,0.4911484207244178,0.6720511073323806
569,0.5400318228965615,0.23091431950007918,0.4049509507308007,0.6650117696969287
570,0.47518739653422815,0.21918992250427738,0.44285453895733623,0.7053203511354725
571,0.5344021209594769,0.26902078337158675,0.42662953914766893,0.6781821061554947
572,0.547329647138719,0.2649958675631139,0.4302797030355131,0.6953251621643406
573,0.60369203749945,0.2742415939505803,0.39166622564777265,0.6768949280753853
574,0.5987796678612928,0.25406200112836064,0.4074323842481858,0.6644617118976562
575,0.5812639697458585,0.30194353484675435,0.39021505248720617,0.7127709603285358
576,0.5488189815316824,0.29610138379636575,0.4291093127425218,0.7067143453844309
577,0.5426294438507849,0.2625530250235528,0.4106226812079396,0.6785767646391196
578,0.542692706593639,0.26351227055829374,0.42799946319698773,0.6844728205211076
579,0.5656827951701178,0.2895883387918846,0.3937472815584168,0.722287082726128
580,0.5491597515773814,0.2281552413757853,0.418357541653153,0.6718118678691356
581,0.5501100701664533,0.2448394980920586,0.38360910716184377,0.6738110765253448
582,0.5374617300203326,0.27504089844951257,0.4193430536796271,0.678942425912544
583,0.5163904605008911,0.2839161116155071,0.42516553943624374,0.7101475498196963
584,0.5516836889960532,0.22818524681133495,0.377820709853887,0.6618287241127057
585,0.4744430615049804,0.30015494947404703,0.4149648297369026,0.6993925035724479
586,0.5539749508675816,0.28022371415259506,0.3836901906816718,0.6813798831452993
587,0.5177539981251308,0.3073769027331754,0.42486891706876295,0.6976841797427413
588,0.5438526858010676,0.25918480510012887,0.3780093845540005,0.700815469987145
589,0.5373955721974589,0.24528594332104167,0.4269622638021215,0.683025995896706
590,0.518756241983262,0.2575949638148139,0.3748807960719272,0.7053246453818416
591,0.5596004727332244,0.2315061812899506,0.4447685680094867,0.6893476429375686
592,0.536665190851616,0.2629103710650019,0.4637623455923392,0.7149983263445905
593,0.5019414078738494,0.25531230111574643,0.3746795601800528,0.6857954363539255
594,0.601638241223605,0.25917028127985714,0.4646013462754049,0.6974456801027418
595,0.5299255798426739,0.2378142065987908,0.36882797082104213,0.6885444524146805
596,0.5305626711515481,0.23657472254633236,0.4262304633151828,0.680681307635519
597,0.5247458738825876,0.2834135079419443,0.37920531487471254,0.6780832206405928
598,0.5610422033875944,0.2674369514339008,0.4567324901236358,0.6989623551374864
599,0.5065149130212603,0.2577924637917921,0.4147118905194823,0.671298099030397
600,0.5779239594335311,0.2719956131016371,0.4192287498219376,0.6846914854177015
601,0.5161776807006702,0.22621720070658655,0.40537359333416445,0.7046706571060419
602,0.5438864313568819,0.2634353804723727,0.4357234571956631,0.7121536892571638
603,0.5570284799314662,0.2608693392404967,0.41938986442131954,0.6491550839806614
604,0.5651360596289517,0.20454539706604755,0.4365749258966846,0.6961297400241876
605,0.5150672640441472,0.24943186042899956,0.38776326135686295,0.6877796466383038
606,0.5413480777051204,0.23606976754931067,0.43177562379483075,0.7021673561993593
607,0.5017611959522654,0.2682348778306012,0.42470773776600257,0.67198857720506
608,0.5209119032200704,0.2789967441294972,0.3865542737981384,0.693667077963355
609,0.4569457304945701,0.21371439635565903,0.389962397799351,0.6849548264025515
610,0.5021629591857691,0.23083295811194213,0.42659522893852686,0.6559328824612194
611,0.47097201120793486,0.26863772738750097,0.40343670707821394,0.6809683962699542
612,0.5428159393802527,0.3410031167613475,0.39603546759808955,0.706060404788942
613,0.45022468118389264,0.2668507816405176,0.4421933453157365,0.6836038253451778
614,0.47832111465908234,0.2835481025050554,0.44430290069380507,0.7007015057714864
615,0.47334585271751917,0.22396356211152374,0.3943810012361859,0.6886410853022449
616,0.4944993848011969,0.27567934832922086,0.39815140520601094,0.6984634871588323
617,0.48120374394449716,0.25634396283570154,0.4472352017225245,0.6670037030653717
618,0.560117063005958,0.23492948528798757,0.4308552627889017,0.6875706270070989
619,0.5499817679873209,0.2501935848947277,0.3691873374646609,0.6861424836741516
620,0.5233092687822352,0.2954124751164114,0.44364927312769403,0.7059706418903815
621,0.4977020378883337,0.2298390059111542,0.40382727420956344,0.6770056923769359
622,0.5117228909710037,0.27735025470250424,0.4381073738086617,0.6992032297036939
623,0.5252161392461756,0.24391482146834256,0.4281314898475901,0.6789670729940351
624,0.5306618261225757,0.25875295845485,0.42436803521558664,0.6895602415486203
625,0.5736247460265546,0.2637629132368296,0.39875008298714654,0.6755339671225433
626,0.5221074273538435,0.2588079571190432,0.36944396293592857,0.6976967383139184
627,0.5761997736604484,0.23250998699232966,0.4193588787390286,0.6831887496009228
628,0.5858412549482459,0.26751985355098634,0.4549837860089412,0.6976971806698056
629,0.5543513450659515,0.2708170952178024,0.4208961097601475,0.6960119556395165
630,0.5359832880364291,0.2662876485292551,0.3932859180237276,0.7070018559377902
631,0.5822049215711359,0.20354037353991813,0.3995191411184703,0.699137331834548
632,0.5284859604020278,0.25226697129830356,0.39957923661573036,0.6955428079796239
633,0.5488833790776699,0.24144037077766897,0.4135260842590188,0.6799804152941035
634,0.5605069011411852,0.2779849175159882,0.44107500419128703,0.6717831182823496
635,0.5590063198884886,0.25129349512492544,0.42572374543909386,0.6827932485068656
636,0.5840527927708553,0.2455609535075071,0.4506164378067825,0.6808231331736742
637,0.5182824176238573,0.23981543903115096,0.4103355603251222,0.6868617807563685
638,0.5646733053293943,0.2604458610112172,0.38716291744715203,0.6943426717523268
639,0.5413066690504826,0.26088511385398205,0.41189365048508797,0.6806452754884854
640,0.5387524218200258,0.20620596033470948,0.40306387608987326,0.714923253023784
641,0.5569052816421729,0.26896210403103155,0.43494135591579086,0.6942171725690035
642,0.4809525031383094,0.33126566873620783,0.35496809631183524,0.7132031071105039
643,0.5486850257643217,0.26222593840208613,0.4082258463535957,0.7121999771492038
644,0.5890581611348163,0.2346082949332479,0.4208309316047456,0.6979100268612876
645,0.5652653883048977,0.26311684018060316,0.4057117734937789,0.6996919328144988
646,0.5297278252257664,0.1884045731837771,0.43682570058174247,0.6723597201083197
647,0.5315860937758365,0.2501693373171345,0.39859158026236186,0.682180300254514
648,0.5426033870805762,0.2336198338664462,0.4448709959366912,0.6685752975200692
649,0.5157679511455183,0.22056972728514795,0.42797967107890617,0.6672080798624576
650,0.5615926284076502,0.27440976258744115,0.4837952108442462,0.681407105267233
651,0.5340747261156119,0.25109685450011554,0.3945699190819089,0.6563845124706011
652,0.5482214803934011,0.2211806161414134,0.41498827113741227,0.6728675532532463
653,0.5571576723241181,0.21849140032778339,0.39835836741226494,0.6832835538650618
654,0.5580751803085058,0.2638684541307759,0.47393567812427495,0.6989499012197223
655,0.49030718252129185,0.2153530422312142,0.43554832823211587,0.6613273013922186
656,0.5062822567705002,0.2918205639171129,0.40934852728622967,0.6885377952379262
657,0.549476550832041,0.2338403342808135,0.43570598106907055,0.6689041608827545
658,0.5304079378578425,0.21141988490040634,0.4379534808455718,0.6580593048782284
659,0.5081590803747891,0.22294017487991125,0.42820450232727164,0.6509924410556462
660,0.5717200412716174,0.18139144745516675,0.41463426269900516,0.661354807829805
661,0.4666853222341921,0.23822480868048507,0.3614481920935081,0.6660568653586038
662,0.6052676325416299,0.26169956305106634,0.46150586053203246,0.6608868087861826
663,0.4884240734044131,0.222788552391836,0.43347932150834995,0.6569460233982763
664,0.554938132851339,0.2461688661332701,0.471896397774937,0.6575099348714455
665,0.5183396056484486,0.19281629159660083,0.4097414300011922,0.6526615495338265
666,0.539729722616203,0.18307873511002637,0.4664947045783938,0.6618836185889544
667,0.5129388272887433,0.2929461709929512,0.42366044533457464,0.6689504377539803
668,0.5143682486142358,0.2980628623586271,0.3806030236462337,0.6982596958871508
669,0.5333871536726489,0.23083465860962785,0.43432044760085253,0.6704878130606914
670,0.5354635404919612,0.2522694641021962,0.46597738658028787,0.6788459961662189
671,0.5122325691619856,0.26213372468607915,0.35973731678051535,0.6691472012919902
672,0.5249181323141352,0.18093409199915972,0.41670010646534905,0.6514318141041389
673,0.5102152821385888,0.232095916683419,0.4336488759043376,0.6726038932754685
674,0.5259242213829605,0.26971599224499776,0.44228575017919997,0.6717340855865117
675,0.5635722410813383,0.24388229586006405,0.43912923827442985,0.666865458701945
