,U (c_0-s_0),U (c_0-s_1),U (c_0-s_2),U (c_0-s_3),U (c_0-s_4),U (c_1-s_0),U (c_1-s_1),U (c_1-s_2),U (c_1-s_3),U (c_1-s_4),U (c_2-s_0),U (c_2-s_1),U (c_2-s_2),U (c_2-s_3),U (c_2-s_4),U (c_0-s*_0),U (c_0-s*_1),U (c_0-s*_2),U (c_0-s*_3),U (c_0-s*_4),U (c_1-s*_0),U (c_1-s*_1),U (c_1-s*_2),U (c_1-s*_3),U (c_1-s*_4),U (c_2-s*_0),U (c_2-s*_1),U (c_2-s*_2),U (c_2-s*_3),U (c_2-s*_4),U (c_0-c_1),U (c_0-c_2),U (c_1-c_2)
0.0,0.05145750050408139,0.057685767062296896,0.06025654596435361,0.05916274812185589,0.050667364063855164,0.05143428384262276,0.05761938827344912,0.060179150167925397,0.059091328354674864,0.050647321833488385,0.05152373807155027,0.057823596346914,0.06041217457377122,0.05930869083199533,0.050728411502785564,0.04531458656459418,0.044784323915410915,0.04528458480457841,0.04354795575783252,0.045221674372423276,0.04535635620971022,0.04483019953842804,0.045335036333921934,0.04360405009393803,0.04527342806676127,0.04527281271253457,0.04473561866147226,0.04522813728307111,0.043482198247340426,0.04516308284559285,0.04385779349496327,0.04283456085579034,0.04287931330934237
0.015625,0.05192633257699396,0.05825022891350845,0.06125829953361407,0.05981763037181928,0.05126474834657077,0.052003446696879035,0.05804863471106364,0.06105631146699498,0.05979336380827432,0.051061206008978746,0.052003949505670284,0.05836898755488659,0.061351513602580766,0.059961424916737345,0.051288905697524534,0.04519199570824178,0.044741164828157605,0.045299289039368466,0.043587536397943355,0.04528317567561278,0.04531969220865058,0.04489913310461903,0.04537234190714163,0.04379670326785106,0.04537624248487831,0.04513215861809629,0.04469580517710486,0.045239139001238625,0.043522447485445814,0.045241249773180156,0.04399343182705276,0.042809295690157095,0.04298431307863215
0.03125,0.052775492325627366,0.0593308366342429,0.06323266785242651,0.06123214011036025,0.0524326026343827,0.05317600222591351,0.05878405700310893,0.06271351936373903,0.06126983883894509,0.05175944400515391,0.05290111452554349,0.05936857398736606,0.06320696688358332,0.061386925637585146,0.05231696652239964,0.04516061384817342,0.04486313756228532,0.04549521929708173,0.04410722598440676,0.045640951269302024,0.04556307498016009,0.04517150250670986,0.04556531595374669,0.044649726868330644,0.04576888848982122,0.04507453957008476,0.0448251623676927,0.045415399075605,0.04408881430040168,0.0456143964830935,0.044381175575625764,0.042797617422831565,0.043236232812412734
0.046875,0.054012416881150896,0.060901066081172475,0.06620353299216372,0.06348253325665967,0.0542366208585186,0.054980396050696295,0.059717107384021514,0.06517305018379094,0.06347387071582335,0.052789294718629934,0.0542353851425287,0.06076500142169471,0.06600164101286293,0.06361166195240942,0.05388580611255046,0.045211758155979456,0.045151376312045216,0.045874478277890325,0.045109016017349,0.04632429104350958,0.04609281420993487,0.04565665845962248,0.04591538398600398,0.0462160034877808,0.04649970828044797,0.045100464463930526,0.04513250963573521,0.04575283556849463,0.04517587767027845,0.046340260761370586,0.04500488958920614,0.04279689603786325,0.043635331300635745
0.0625,0.055697196522382704,0.06297712064359193,0.07021603805008117,0.06657462820064369,0.056686892710528805,0.0574607951365665,0.060893720415806624,0.068537886507005,0.06643683505921744,0.05414736097503807,0.05605641242527421,0.06261010862021481,0.06973730419931445,0.06663616757028235,0.05599415442008703,0.04533318119762304,0.04559772825570178,0.046453433798703384,0.046638690493878386,0.04734141563315884,0.046905092910312834,0.046343914935578365,0.04643469728189463,0.04864642254679065,0.04758445492300673,0.04518723442127713,0.04560305237183368,0.046264050678857443,0.046812668150180245,0.047402411378957454,0.045881013510765845,0.04280663072469247,0.04417901465099863
0.078125,0.057843909257786,0.0655821309866653,0.07546022591444146,0.0705878978466781,0.05993817324364902,0.0606874977433784,0.06231100316671954,0.07286421581586454,0.07028576332692284,0.05581101731538034,0.0584001690814316,0.06488724447281664,0.07449606288052166,0.07052043417730378,0.05858285782220229,0.04552995123503476,0.04619116749433966,0.04722286022904669,0.048757065962400446,0.04867629893292158,0.048018062941371904,0.04724746028466524,0.04712933270035353,0.05209603356563067,0.049009947285825,0.04533940227841139,0.04620855587818113,0.04694125505223434,0.04905138726365586,0.04879244964979012,0.04702899807286394,0.04282607429392163,0.04486624807041982
0.09375,0.06052262459538613,0.0687703676335218,0.08191889037434488,0.07567756592176841,0.06380723288490686,0.06473113361657314,0.06393393848975645,0.07804187986800458,0.07498564493269097,0.057786362353223625,0.061267634382472784,0.06762725101889401,0.0803693354232401,0.07530104605312005,0.06179809718308474,0.045784549867607785,0.046937126341047755,0.048206404931343955,0.051541722378054974,0.05040537880044822,0.04946753753011647,0.04832254377783812,0.048016470118231354,0.056674411949468144,0.05078475914482039,0.04555584123433603,0.04696054494849357,0.04778754627726013,0.05195614855770997,0.05054630262774663,0.048458662214693804,0.042853686318809515,0.04569886908714109
0.109375,0.06366513504653401,0.07249795898059608,0.08967095292080923,0.08191842023785237,0.06837414387491711,0.06960990247736783,0.06576734165538477,0.08426846488540041,0.08075893415269057,0.060073814398671516,0.0647396573614671,0.07086006254629004,0.08729526429408518,0.0810542386230905,0.06547846395132374,0.04611393803536633,0.04785919058253647,0.049430958326063305,0.0551123447792716,0.05258117845148849,0.05121156680062558,0.04963818020881372,0.04910251005469238,0.06261670689186527,0.052995812115330054,0.045841232644764585,0.04787724576444573,0.04881192865422508,0.05566948543935353,0.052705332826896725,0.05021271518668638,0.04288961114581735,0.04666094715694737
0.125,0.06737488557866923,0.07679658805822646,0.0985453503189383,0.08918522219154651,0.0737773694561682,0.07552505340015939,0.06784797671791006,0.0914041054143471,0.08757016245857421,0.06265815289780681,0.06891263461974298,0.07468068101049269,0.09524579042681361,0.08778261870021492,0.0697418947881178,0.0465224636155715,0.04894620533718726,0.050900626923346154,0.05960181670889336,0.05525827052425088,0.05329027868581801,0.0511565500221092,0.05039747943311135,0.07000486289810023,0.05563906618461825,0.04618451677457737,0.04893634582640945,0.0500356073871831,0.06033222980249412,0.05533029938950959,0.05230117648712529,0.04293105426390543,0.04770137307471251
0.140625,0.07171770575099405,0.08165102487172683,0.10837856620152801,0.09755829289584034,0.07995659993278947,0.08262075658062856,0.0701581767636281,0.09931419401676916,0.09543133496939255,0.06560114489155656,0.07375877188380597,0.07891565333150893,0.10388231759778965,0.09532730382090762,0.07453665374684687,0.047008528484515644,0.05019482352032491,0.05261031381371842,0.06514974976051213,0.058446653319296625,0.05576884555697246,0.05287906344842343,0.051931180729364965,0.07900163759183144,0.05875952317978049,0.046593106095708395,0.05019823342537001,0.051467427175784425,0.06609236271569187,0.05847751348182802,0.05476480668784876,0.042978730370030555,0.04886931478358916
0.15625,0.07675339441431403,0.08723470354404961,0.11903627339129211,0.10677933501706606,0.08694300349832398,0.09088243434265687,0.07268083165500225,0.1078234469889296,0.10417549123538157,0.06882340644433418,0.0793668762572628,0.0835359726313768,0.11311183768953473,0.10369759316114682,0.0799074824257685,0.04756761189435742,0.051655451583972875,0.05458131636356919,0.07187364024953076,0.062206160063514024,0.05861365254235426,0.05473092076228031,0.05369165310933113,0.08927697219393399,0.062399754967968735,0.04707179058312974,0.05161145523304665,0.053086759196194946,0.07296087234541088,0.062205298425568226,0.05757906885613359,0.04302996844574151,0.050214092626017046
0.171875,0.08224826808161513,0.09325091731694973,0.12995713533078757,0.11658690621006942,0.09483373152282636,0.10032055868674049,0.07543651829012092,0.11706366844518218,0.11365675795863167,0.07235443216278616,0.08563601191500689,0.08854298180657227,0.12247927412993459,0.11288153490735933,0.08581383924800386,0.048179584567799,0.053241260621302224,0.05684578444065975,0.07974330751646024,0.06651747987803122,0.06183575853911348,0.056742816951210216,0.055696735406354,0.10107635927454077,0.06648028073905973,0.04762190531739444,0.053207336773004765,0.05493947912562409,0.08103466656091735,0.06658404592423073,0.060674539485565344,0.04308628014596366,0.05169206792195856
0.1875,0.08840020370328507,0.09971976890936425,0.1410130397176922,0.1271159889800318,0.1033429844174936,0.11080209291987024,0.07844856698358874,0.1267577872407611,0.12381494818118595,0.07606487364661105,0.09232158217646008,0.09394767281793394,0.13217842235755609,0.1229648677822528,0.09220371794149455,0.048862270074486056,0.05488168663580603,0.05939246325506438,0.08866803133645362,0.07140079444465636,0.06552649781926226,0.05898914069466549,0.05792899923546217,0.11425043366651277,0.07101374612226144,0.04823893470365502,0.05481206188147012,0.05705682977992943,0.09022384793085488,0.07158487013130971,0.06405933261231322,0.04314558156221908,0.053289294595847955
0.203125,0.09501571962778665,0.10650600387336541,0.15228943263082786,0.13851439381979536,0.11229070290411537,0.1222387846229083,0.08158364461994393,0.13667510954655276,0.1346466980620208,0.0800590791422492,0.09945105667444629,0.09965057384747739,0.14198882237267368,0.1338374452774349,0.09899487061434928,0.04962605452424228,0.05666850466367393,0.06212797977201136,0.0987371680368146,0.07687892255168535,0.06974698133323826,0.061391850774206724,0.06042109664654702,0.12844068540358447,0.07592130756384215,0.04892084886964973,0.05655880407799692,0.05937374730728669,0.10034200478610351,0.0770632000509135,0.0677155173830857,0.043207305460551584,0.05501005231514163
0.21875,0.10220343269817747,0.11368139646257502,0.16412842227251878,0.15055507461035583,0.12155583641071921,0.13435703455613138,0.08465775611221932,0.14656970271027184,0.14594458230833196,0.08414820655317652,0.10701000025409133,0.10583386229599442,0.15188171772022926,0.14535298632765867,0.10614887662051806,0.050464775510174406,0.05853154794540487,0.06515041552011776,0.11000739551161699,0.08262950014814378,0.07416727305187053,0.06393971668430515,0.06309826787553299,0.14352966833556002,0.08111351603129514,0.049615007408612896,0.058341533026678855,0.06187876013868639,0.11136431413513442,0.08288196399485359,0.07160771889823495,0.04326795715712428,0.05683977485468465
0.234375,0.10956596055416132,0.12112619313135786,0.1757093785838772,0.16271818862679627,0.13126859014725156,0.14713426778116112,0.08778174746626652,0.15679591602610357,0.15689151266688894,0.08855194110203848,0.11499006578002471,0.11208046202353061,0.1616179144927097,0.15723382916764422,0.11329309263331362,0.05136373213511635,0.06043631932119484,0.06835422850498535,0.1220466179962361,0.08871809680065781,0.07898355682593193,0.06671326259839712,0.06602757334990772,0.15937268050505357,0.08675036264889574,0.050364501081995645,0.06021402256918652,0.06444356518459653,0.12339628149778858,0.08920352888659039,0.07573833615428588,0.04333004005735549,0.05873313599966073
0.25,0.11677391031433093,0.12882831411208712,0.18694967786765224,0.1752714580619889,0.14137502268165333,0.1602667004283141,0.0909769239557803,0.16692406954728195,0.16757892766534827,0.09303411062896307,0.12331759393830866,0.11820110788839588,0.17145819294673867,0.16903142805104215,0.12067784004523885,0.05229708783766819,0.06233443840278745,0.07173302505402672,0.13466761767498894,0.09516695383657953,0.08410043772247736,0.06964657712084049,0.06913871699031167,0.17599424047715956,0.09287498354213722,0.05119096010859579,0.062160415962411716,0.06722667726223688,0.1360760601464432,0.09577907894253708,0.08008831163489807,0.04339138163896454,0.060797869645538065
0.265625,0.12403847957885211,0.13631900710722097,0.1980061271039336,0.1875759912168125,0.15169181549797378,0.17370220788568183,0.0941266513363746,0.17667456173439838,0.17799783925364182,0.09756653613168217,0.13180007564155521,0.12464048241601407,0.18160382601513647,0.1805806287599938,0.12822408636812993,0.05326585040378479,0.06426856408879801,0.07529606926087212,0.14781313759435008,0.1015404812455614,0.08965556940012531,0.07260756871012082,0.07248496146051041,0.1932981257940838,0.0992038307086624,0.05209117754799027,0.06414614606759224,0.07006587345534308,0.14953584807302128,0.1029165125349177,0.08463296725486985,0.043455774646955374,0.06307451235081135
0.28125,0.13137968653389395,0.14330755749705826,0.20866635048472995,0.19964669902149168,0.16203167685793796,0.187500941117202,0.09723019040960193,0.18624815143164514,0.1877111749489681,0.10223656916287023,0.14004452725811115,0.13101220223257454,0.19153475256385238,0.19205432290232402,0.13582551157667083,0.05423005260584739,0.06616100925384688,0.07901071079977237,0.16151309432705588,0.10801511791117177,0.09552982523145873,0.07560025581898665,0.0759174533061368,0.21105354201617987,0.10565316716798666,0.05306573735822837,0.06614491938327884,0.07298339785300695,0.1634876151938734,0.11042899004242934,0.08926760009104509,0.04352052853784382,0.06541440077367913
0.296875,0.13880982197788533,0.15004718991128163,0.21852604762453526,0.21177795634418162,0.17250338428834677,0.20135489283929076,0.10022088813757254,0.19578750599908695,0.19715919132871612,0.10710028918577483,0.14822468325764265,0.1371731537131845,0.20119743186814126,0.2033634072021411,0.14325633174393482,0.05520784465504877,0.06805280815735971,0.0827823411785862,0.17605961018717642,0.1147196134521855,0.1015799881812875,0.07875436005959635,0.0793325557640772,0.2290802216060816,0.11241267163608765,0.05412705896086258,0.06813196367279624,0.07589034743667504,0.17738475253359004,0.11817061291270503,0.09377259615127012,0.043588056680641654,0.06768888903818221
0.3125,0.1463690881493632,0.15629405581628747,0.22806053839396406,0.22343466965308711,0.18279653211287938,0.21487651570316307,0.10323974523512938,0.2053005462206704,0.2059224411725568,0.11196899385210418,0.15646761604814677,0.14303358140831918,0.2101620353610649,0.21400108234827894,0.1506001327984043,0.05621117657268111,0.07002622715649061,0.08650506096529445,0.19111274946664666,0.12180137688412614,0.10748966858147868,0.08194785842536287,0.08281307760847764,0.2473700703766747,0.11917907198615449,0.05524846170430847,0.07009634838660969,0.07871909787660383,0.19145866593936295,0.1260564046710665,0.09806886550690982,0.04365608907561816,0.06985818514831978
0.328125,0.1543369331673797,0.16200562675630187,0.23701982810676875,0.23449004182689226,0.1927302228031259,0.2282314895626359,0.10629884544821883,0.21397771482656724,0.21403216499032524,0.11660169712929976,0.16468270921077777,0.14880790156327106,0.21895982171257994,0.22336816855165606,0.15722464744415676,0.057220456078252456,0.07195584284004314,0.09023546897400002,0.20628069909454658,0.12904429232268658,0.11313882926863487,0.08479532424490352,0.08618354741238152,0.2651370103246882,0.12617103186004103,0.056443151575867545,0.07199632061994019,0.08135075234551907,0.20558856225738237,0.13390812943479385,0.10237141946221268,0.04372273267835358,0.07210891529129318
0.34375,0.1624149900824016,0.1673617703175515,0.24519670919612974,0.24469155975846363,0.2020811418670213,0.24042991096406324,0.10904830661430676,0.2213055939222623,0.22148011184781247,0.12090060112672175,0.1725637321698941,0.15445406690496621,0.22698459981731164,0.23220784890450108,0.16365787598287426,0.058238500616826366,0.0737385010869464,0.0937241294587178,0.22144161124335734,0.13622654929931638,0.11895376038645072,0.08765757451667815,0.08957353388496964,0.28235133454688544,0.13310113909109889,0.05768698709291243,0.07379286350878979,0.08384571587830883,0.2196516416286342,0.14178856856596045,0.10657980171657888,0.04379475689682418,0.07424842067770984
0.359375,0.16985665878800568,0.1723722772430571,0.2519842864454034,0.2537087314873229,0.21120219614422614,0.2513145368953947,0.11163319233438299,0.22806551913082546,0.22797944345806398,0.12503596352806065,0.1802614912911623,0.1596581719620188,0.23458078500688104,0.24033808504249396,0.16959720452206792,0.059250403540542965,0.07559754142440611,0.09684442514553628,0.2360847295424087,0.14319552450538764,0.12472420495356384,0.09028684531620637,0.09273045512001533,0.29856156057184147,0.13995254493839474,0.058752904944874576,0.07545121790885856,0.08616806600816589,0.2334577541173345,0.14951700204040236,0.11044112674313292,0.04386825347251175,0.07627250458344403
0.375,0.1763847759876435,0.17672550976481904,0.257953600208626,0.260906748613289,0.2199198451368572,0.26079861288119094,0.11355647942363123,0.23481961083394495,0.23364783286438973,0.12901822013241784,0.18727236667004568,0.16397474996056985,0.24090043381056095,0.24743176681617973,0.17526339521750262,0.05997916116102647,0.07752582598558738,0.09968887906967563,0.2500695514426398,0.14987767610206829,0.13040789162649238,0.09273531924503083,0.09585004892785445,0.3136474346948686,0.14655618637381934,0.05971257449465733,0.07702930398004278,0.08834627034482023,0.24686667767969173,0.15719349775739389,0.11408858376028247,0.04393420602540646,0.07799307690152729
0.390625,0.18249108289128066,0.18036795850828047,0.2626695173144403,0.2670699878345648,0.22786731291077839,0.26834235433108666,0.11481940768435381,0.24081695656529156,0.23807903962543198,0.13303947831118235,0.1935346259613723,0.1677316444118401,0.24660321060168908,0.25320370940805187,0.180550407234669,0.060653878705470385,0.07908447801326579,0.10209825823536083,0.2633238242827316,0.15626920908150205,0.13550477980218753,0.0950934505336973,0.09902343496095986,0.32702870693186753,0.15285328978840398,0.06061883583914743,0.07853903034794053,0.09028288021328831,0.25969374042567445,0.16450539056594504,0.11724046130378557,0.04399641582604866,0.0794928704908105
0.40625,0.1882182361776461,0.18328857381891378,0.2665989598775145,0.2716769287229307,0.23483532991093126,0.27381371501480706,0.11575029433359532,0.24623703837443425,0.24150899344105742,0.1371077353527884,0.19903924576756188,0.1708127966054708,0.25148824812243836,0.2577582642100853,0.18559984319135778,0.0612939983686448,0.0804446101983685,0.10413095723221646,0.27528428369745755,0.16202156034750406,0.14002117693762933,0.09718355052385075,0.101987035092401,0.339178330307059,0.15900219950217168,0.06143291166612942,0.07992983694683359,0.09212509611949657,0.2710231421854621,0.17100590436158714,0.12009536318339792,0.04405966368022375,0.08086465952153427
0.421875,0.1935758038456429,0.18556348496846525,0.2696335255167658,0.2743638238931353,0.2402081600777335,0.27817393530794354,0.11623740028449397,0.2509361110495166,0.2439005370192618,0.1408070636201825,0.2039948032989048,0.17336436734302857,0.2556483123215516,0.26091868980112287,0.18941368350013307,0.061844184289027396,0.0815415662426107,0.10557276533250358,0.2858646160702463,0.16730566390290288,0.14424862595934876,0.09913154452485257,0.10457318260436625,0.3498488398937944,0.16463886930658952,0.062015993420209775,0.08121518877013077,0.09381573613752452,0.28115825262571564,0.17689479957311488,0.12267716532421588,0.044115822058994836,0.08219405247954792
0.4375,0.19825545921704563,0.1871949672650453,0.271978733949651,0.27533020413690273,0.24400943459428537,0.2811776387434592,0.11664289420254886,0.25458540399817936,0.24514927322095137,0.14361713375270457,0.20801900263309833,0.17541289576795938,0.25882542057954916,0.26230024664343954,0.19251711185179193,0.062362480410355234,0.08257022327919598,0.1067262692917383,0.29521242947473353,0.17217928605831193,0.14799676465305137,0.10092239435284002,0.10705294187471694,0.3591903032189263,0.16997064654375144,0.06248154948506168,0.08215202770380253,0.09535938314359875,0.29065420843446343,0.18236944921851123,0.12494425924748453,0.04416279333436933,0.08329257619339633
0.453125,0.20223641436012246,0.18812010209349472,0.2732658722176221,0.27513798866744704,0.2473816297202001,0.2826352521722833,0.11692794668410891,0.25650702516654084,0.2454267085898053,0.14559227956098544,0.21100525410699297,0.17719414847740206,0.2610299152965183,0.2622682519861707,0.19445124685159432,0.06277985479477444,0.08326768661001796,0.10758060820275801,0.30322926917643994,0.17583258616990272,0.15103383910448184,0.10270877653954774,0.10911451587900983,0.36725703211006666,0.17498837993383415,0.06287322248444938,0.08283828909735973,0.09664002425648582,0.29900063652204295,0.18698966530389316,0.1264693603307821,0.04420321886802536,0.08429071977165527
0.46875,0.20475214834397334,0.18836236802621892,0.27268439080038986,0.2732676166464415,0.25069591146198456,0.2832909471851702,0.11706350940228069,0.25738843758754204,0.24497421390030233,0.14709983256452494,0.21258351075359616,0.17822964149969917,0.26194251494779713,0.2605568907775254,0.1954278717436538,0.06304189987822881,0.0837057766896399,0.10807201880243267,0.30969714971058016,0.17878532008000458,0.15341564259587898,0.10421946499939921,0.11075630461676719,0.37353648080595764,0.1798853454029335,0.06314434804042543,0.0830588814191326,0.09762733023424142,0.3057611507597621,0.1905605953309792,0.12769812396456792,0.044226153946248944,0.08495253633822064
0.484375,0.20612179004616965,0.18795865152679825,0.2711983186876915,0.27028122690722634,0.25315331189433604,0.2828965555363935,0.11668963596046542,0.2572032322432435,0.24314600051576957,0.14828936657780087,0.2132350921240258,0.1784022687451332,0.26212499216049706,0.25728764667375315,0.19594513324340365,0.0632899561159005,0.0836724364585654,0.10817200168545522,0.3146983274393622,0.1814658247840705,0.15524080419344957,0.10508965236122902,0.11201031240807688,0.37762281877053655,0.1841292446400302,0.06333436081978375,0.08321617921681641,0.0982634976509068,0.3106124459664512,0.1934491678499179,0.1284235386597116,0.04425158905663752,0.08519414336226386
0.5,0.20660986288985697,0.1863514737056297,0.26872436405065725,0.2665210633973192,0.25486486536809255,0.2818397004883431,0.11605797899118994,0.2563175123504007,0.24006636046758256,0.14892938139239192,0.21358280060493204,0.17751138750783618,0.2612356590087514,0.25322672391779916,0.19600556230883956,0.0634436295619972,0.08340431844637072,0.10800263881272378,0.3184332125582448,0.18332487905233,0.1565234872229911,0.10567376737924637,0.11279739503879442,0.37943272983099763,0.18717394954452213,0.06341223396843025,0.08323475515453946,0.09847711822675553,0.3135094596556335,0.19450065137055256,0.1285408653746296,0.044245939027845654,0.0853651166046161
0.515625,0.20631495763974497,0.1836011347187394,0.2645783160121961,0.26134290764784746,0.25596923149812795,0.2794447040633209,0.11484986276111236,0.2536446265745721,0.23633911992112183,0.1491586156639012,0.212776637361938,0.17549761692930352,0.25911751052787513,0.24834856366993402,0.1951134099077324,0.06342230448948237,0.08294509991642574,0.10752372927395634,0.32025276056744295,0.18359342126037934,0.15729626896581667,0.10590540683536662,0.11315165714059468,0.37923493405344344,0.1893113080350272,0.06330546439259789,0.08319759399472038,0.09829105269238532,0.3145369208270574,0.19419413574873118,0.12784003697092758,0.044212751480326294,0.08544992081462047
0.53125,0.20552652389390214,0.18046568163557747,0.2595699759501352,0.25478643991750044,0.2564773251421675,0.27626052513540067,0.11339541656943583,0.25009757456358683,0.23190188108631216,0.1490422970838765,0.21089141902182093,0.17273660273698527,0.2561687951986129,0.24233872304473655,0.19389576984326282,0.06311425139594562,0.08235648739184094,0.10629394883838159,0.32031782483022087,0.1828229448255708,0.1570872681033023,0.10565627057192109,0.11297240568316469,0.3764829242604326,0.1898295736273887,0.0631316564415571,0.08294610121265272,0.09756923836744065,0.31360764938597213,0.1924938066432102,0.12624915094734993,0.04417340667661637,0.08529749344925727
0.546875,0.20417632471831623,0.17664531387093374,0.2541634261696233,0.24756229643901922,0.2556762430313858,0.2722495606582654,0.11157772877448235,0.2452115259257649,0.2266331013119292,0.14874524344721987,0.20766820996482163,0.16894527994120057,0.2521494915078302,0.23535009397280945,0.19165762726594446,0.0627521167159147,0.08155690922594694,0.10457508447700876,0.319124919994067,0.18113693913741674,0.15623800725599274,0.10481776166821921,0.11239758535912661,0.37225151792971306,0.1890133861418272,0.06287322221350793,0.0822400457852764,0.09606532031289326,0.3108257696785094,0.19006928246419946,0.12418770567081991,0.044124546708860554,0.0849220189754899
0.5625,0.20177376095020727,0.17236228051416858,0.2481999979079553,0.24032167184437925,0.2535068605607489,0.26733895209330816,0.10922141703390054,0.2395138657372932,0.22072247759659896,0.14815683843149371,0.20416840831121238,0.16427796040780793,0.2468727675786776,0.227144630463162,0.1883803901362869,0.062296992052244426,0.08055605450353837,0.10269380380285756,0.31533984873416143,0.17823736666980117,0.1550605843337773,0.10377390694612013,0.11148624575565726,0.36578460159771353,0.18740925844278128,0.062453541795421924,0.08127965631338623,0.09443379551806216,0.30646104702586396,0.18683536803379824,0.12168070410178769,0.04406342558232278,0.08443429400778392
0.578125,0.19846862944131383,0.16725149707967363,0.2410477995156894,0.23270954595589172,0.24925185484713713,0.26192372567812294,0.10658404681035263,0.23259424561224135,0.2144774407160579,0.14689935826409853,0.19992082394849503,0.15898682691301988,0.23965433435688482,0.21839851842768665,0.1844012351358173,0.061692324739149554,0.07935250666897858,0.10076388381597924,0.30914001331514,0.1746531173474455,0.15330352869442682,0.10231223047082466,0.10992203405333441,0.3573493016923431,0.18498318730436739,0.061983729854090536,0.08004374530741304,0.09235175821189175,0.3005639331619833,0.18295330660882997,0.11874428197133677,0.043992322750091475,0.08381730919221457
0.59375,0.19371511529143143,0.16109472053340074,0.23322789623748108,0.22429447249478895,0.24327279422569115,0.2557395729539425,0.10348549485116337,0.22478916234005916,0.20814778886717306,0.14458869527416793,0.1954320349871589,0.15292769043485965,0.23201492395193776,0.2093590935297527,0.17988169967647558,0.061068874021299846,0.07796273400146904,0.09819695264800966,0.30100678865879427,0.1697365818900195,0.15089605071868606,0.100545551195932,0.10797699118143932,0.3472813844375917,0.18124842076630737,0.06147284421305263,0.07870776515319225,0.08992216086878821,0.2937102479806101,0.1773302938245933,0.11535289053664996,0.04391045795108327,0.08297613987899286
0.609375,0.18774343686470735,0.15450458051496557,0.22452380657970641,0.2146721144062314,0.23594042174069785,0.24760677014898863,0.10044301416418894,0.21613177984103055,0.20132024887173472,0.1409307910982758,0.19024030955189095,0.14636568415220141,0.22306825667533267,0.2000401797291851,0.17406796231505972,0.060442666431418726,0.07647095967596348,0.09530121590258274,0.29086882756567334,0.16370793553763538,0.1475769185198608,0.0982194397692353,0.10522194048276864,0.3356217363910194,0.1767006921060872,0.06088963714882696,0.07715411862894392,0.08725602967873589,0.2857079769308189,0.17089924240663296,0.11183963718870896,0.043815534812251575,0.08190640604264648
0.625,0.18106354864980853,0.14758993572247417,0.2142090048529386,0.20447140946126896,0.22680577623199727,0.23824164739229356,0.097362479727125,0.2069753587257964,0.19377348472809752,0.13632003754004599,0.1839375447028473,0.1395696221655828,0.2136896601506243,0.19035477625156824,0.16758717399801837,0.05974388331455539,0.07494828408548614,0.09190650500553,0.27848866153966906,0.1573234830794392,0.14350439360374434,0.09582535649646055,0.10201806363512199,0.3225564297845994,0.17191300234023268,0.060289338398883674,0.07554746682662966,0.08459447755970728,0.2761721531070174,0.1640503980956446,0.10832100460719765,0.04372325150756521,0.08052904861029678
0.640625,0.1732223216197784,0.14060824524833282,0.20290064403144728,0.19372014594649645,0.21669361122054448,0.22750694197308471,0.09419286070866648,0.19703463332286872,0.18542326102677315,0.13120825707509823,0.17628412104755656,0.13256599853740764,0.20346552739442667,0.18044458962101007,0.16100487254024756,0.05895435561207761,0.0731474913082088,0.08833960459522797,0.2648409245957123,0.14970151989482997,0.13896569535875197,0.09313830652748921,0.09853493608505179,0.3085889771477126,0.16621821630362024,0.05966596891216813,0.07375471845468055,0.08200991140502946,0.26519542709035465,0.15664979601616907,0.1044915701541706,0.04363103295211872,0.0790265356105871
0.65625,0.16442280525106087,0.1335394298947521,0.1916083019282126,0.18270961705015065,0.2062509725018679,0.2163424097466086,0.09088577040568571,0.18725494692066624,0.1768051633756248,0.1255481631772325,0.16842880120176068,0.1251127901607542,0.1927239111894828,0.17029432989690696,0.15409060938641722,0.0580999752466647,0.07119502601420662,0.08486375760799547,0.2505526639786824,0.1415710159600821,0.13411582268084296,0.09040319937805373,0.09505146642843995,0.294167226956088,0.15985778530172193,0.05883542978258806,0.07190495165188131,0.07933553422539946,0.25326253401267973,0.14847702057877754,0.10026880672083083,0.043535811074004685,0.07741644140318274
0.671875,0.15555163741096575,0.1261918302968253,0.18027789068127967,0.17159795467468258,0.19540641836679912,0.20528048937403684,0.08743287168912343,0.17750726560066876,0.1678259260563148,0.11970071929293888,0.1599254074463267,0.11786100051721338,0.18177655696454417,0.1600577604962072,0.14672637699802515,0.05714149246372198,0.06897840299669998,0.08144480694465309,0.23562532411367149,0.13342088911766986,0.12883797749942197,0.08766925117072442,0.09151622085998744,0.2793379980153745,0.15291083593342913,0.0579168416301422,0.07008800264804518,0.07679366877589469,0.24073706045773124,0.14038741288902926,0.09576296829925462,0.04344007735117188,0.07564457842408139
0.6875,0.14607667978439548,0.11843754665281482,0.16826534999590032,0.16039919758433102,0.1839731383667293,0.19364249963072333,0.08387024103898442,0.16780479539356596,0.1589801768611987,0.11384862297407088,0.15090684205456303,0.11075737579507655,0.17029163728099384,0.1497588689646035,0.13884029546784724,0.055922622008671374,0.06677095752173495,0.07805207652463922,0.22052826974775996,0.1253679036574126,0.12361125738526887,0.08492128977166262,0.08810791128121172,0.26387452625517793,0.14565074380652712,0.0569061646915828,0.06830293822387278,0.07411402404690291,0.2279951651541416,0.13183694216218028,0.09100513737447202,0.04334719180635031,0.07365682601502985
0.703125,0.1360516188830891,0.11055617542744046,0.15606988262517596,0.14876643186055588,0.17117309816277704,0.18094451977734324,0.08029954189233127,0.1577510210585005,0.1497292621603137,0.1074156540233288,0.14169688335629108,0.1038494411360433,0.15814423317933554,0.13962180607114325,0.1304752067456742,0.05471079564544227,0.06458734092539217,0.0746782776331648,0.20527475456008076,0.1173959557509078,0.11810391019449146,0.08188982730625598,0.08477497816305202,0.24727883427757824,0.13793929606873756,0.055846254663907385,0.06646088782269988,0.07137858419632298,0.21363231938239308,0.12325842204564598,0.08622454503234443,0.04325414514147645,0.07140919611126346
0.71875,0.12585711905214775,0.10284024363617605,0.14346435352610823,0.13703198983421755,0.15757628464115964,0.1677937823487884,0.07686482960948207,0.14715265059523988,0.14021984026866519,0.1008248230094578,0.13237714327127006,0.09721988386968415,0.14619423414381263,0.12975401955325494,0.12203517840377377,0.05351876785362642,0.062459191495039076,0.07133898578022964,0.1899744679182734,0.10970233464067704,0.11211579085424463,0.07878937975036789,0.08134794948307078,0.22991095048525786,0.12983339681284506,0.05475335461033419,0.06444082618171024,0.06859123331044095,0.1980266261660707,0.11505158813908646,0.08161058590977378,0.04316309358943267,0.06919260201529187
0.734375,0.1157559260795607,0.09545507524029137,0.13132497219557338,0.12589554261362174,0.14383438920067687,0.15460981284434433,0.07351915138694073,0.1366617682229213,0.1307276819433736,0.09434358771201486,0.1228045428286128,0.09091515271863199,0.13439391674013612,0.12003487681269803,0.11384924242740044,0.052393752274871454,0.06036156276545315,0.06800095426659623,0.1746768767313821,0.10198836830597287,0.10591633989381499,0.0756173603446984,0.07789383041896503,0.21244371612228188,0.1213646938126822,0.053586580545012155,0.06243126322711323,0.06583206754322293,0.18231561762768994,0.10685785672472677,0.07689212568150305,0.043077014376990005,0.06698069470512188
0.75,0.10605937043571928,0.08869000385648079,0.11975009128462617,0.11533835245179543,0.1306309949348444,0.14139899638987732,0.07029352840796582,0.1263931460610477,0.12123976801398816,0.08817139109921333,0.11339730294681916,0.08481640838976148,0.12314584386176194,0.11058167312029873,0.10566045617099375,0.05132660163530328,0.05831041143368769,0.06488641168033348,0.15971832305359798,0.09432875583082481,0.0993477305393539,0.07245048984557546,0.07437150136007792,0.19483739925668403,0.11295832465074383,0.05241146857129903,0.060448667389895544,0.06315102395179203,0.16710314818894467,0.09858112068279613,0.07235932385776417,0.04299416251199177,0.06472758761879314
0.765625,0.09703063546923305,0.0824414473033472,0.10904267925418187,0.1050423495132152,0.11826720009020478,0.12880315373257797,0.0670860329499102,0.11573550449686085,0.11190772643355958,0.08237356008961595,0.10419382789603862,0.07914762880046258,0.11241186642863385,0.10164585813759452,0.09767550102520374,0.05029680339963763,0.056370402940496306,0.06192671955782389,0.1449742658237781,0.08724036424444521,0.09242094265589348,0.06915186342012318,0.07076850449501865,0.17745472440454133,0.10443771578236563,0.05129275093303294,0.058475279397298255,0.06057218600903517,0.15197860994893764,0.09067000598955281,0.06816624256710042,0.042911202382771574,0.0625324172556426
0.78125,0.08865379001149098,0.07678540248594284,0.0992355254296888,0.0956094541540905,0.10673477750466272,0.11699543967984308,0.06411956496946035,0.10543220276886311,0.1026776489458195,0.07678679999424484,0.09542271440906774,0.0739926623358758,0.10203656646336864,0.09332116728204864,0.08997246263065038,0.049351532991788474,0.054588715535660484,0.05921108256557625,0.130527892231149,0.08040093353490232,0.0855807925547895,0.0659990670470238,0.06725579702347154,0.16048659284406425,0.09611584284847562,0.05027869960045939,0.056536499961874154,0.05816941544017802,0.13734593108581875,0.08346832407732976,0.06435883311884072,0.04283311449452414,0.06031876264801842
0.796875,0.08104036085818112,0.07156177726282073,0.0899390053695393,0.08676493166245472,0.09586493205967349,0.1058828323479369,0.06137234228076625,0.09594970288982915,0.09403278555506572,0.07149877952910212,0.08734010486048657,0.06935653501184405,0.09232744245716545,0.08546257554816508,0.08289687281676361,0.04846406225286645,0.052935345252463836,0.05671157674441256,0.11644587814267628,0.07414116129676926,0.07901724857370412,0.06299220544724185,0.06390664815981116,0.1439268320308204,0.08831606850505964,0.04930918061654532,0.05473510675549812,0.055996561468478305,0.12332434031411954,0.07691864624577366,0.060824554989049394,0.04275160143660277,0.058188804587718676
0.8125,0.07410135211993207,0.06672606786992673,0.08146087586885131,0.07858155826174626,0.08605795593549598,0.09543458402679901,0.05879632232430329,0.08707084018337916,0.08600156632565077,0.06675337019761368,0.07987742239237441,0.06504865818875505,0.08348471859369787,0.07833374891428747,0.07635321301563594,0.04764974527634812,0.05141504890903455,0.05438666560114819,0.10324105093696846,0.06859271714893128,0.07302935399396092,0.06014691848717685,0.06076936488971209,0.12818208010458726,0.08103204281336578,0.048381817218064616,0.05302872485702467,0.0539997482745946,0.11000288695140743,0.07119790454102057,0.057706412375147835,0.042670330787651214,0.05610617740854966
0.828125,0.06787713436150045,0.06244767265857575,0.07381107971360537,0.07139507578048314,0.07750068762824835,0.08595093251196292,0.0564093875090013,0.0789539954107682,0.07852722336124066,0.06247425645777652,0.07307087083155633,0.06106050508085972,0.07542318740499296,0.07198685530618185,0.0705209424756197,0.046898966503371164,0.049944809066414714,0.05228503053638314,0.09130175645993119,0.06350074819780974,0.06765871985331201,0.05751645430992825,0.05793118019957114,0.11326135394357535,0.07427025888439205,0.047516891184168554,0.051419623627151356,0.052183109117401066,0.09783066446384156,0.06604410812692273,0.05493011825434614,0.04258547121185624,0.05414844676447396
0.84375,0.062482572075877665,0.05868436241064057,0.0670440520303809,0.06511310593446076,0.07017782799959027,0.07758908980276842,0.054322267994812726,0.07184893989220287,0.0716561432773179,0.058713892761158654,0.06696179458667188,0.0576458642015185,0.06826174042026101,0.06628085548840443,0.06534752860526598,0.046191062771699556,0.04859599006600919,0.050397668742987636,0.08078335676793025,0.05897321311331928,0.06290110878679762,0.0551172683057934,0.05528219935661421,0.09962579463111679,0.06815946842999496,0.046731975322961666,0.04993355188500964,0.05056176789973467,0.08679010521487021,0.06156445246400192,0.05249778962166631,0.0425070514400791,0.052339129453146276
0.859375,0.05784055974276642,0.05539700688835403,0.061310896474668045,0.05976229679642654,0.06405524089215064,0.07015021695187343,0.05240461203322622,0.06575972632500005,0.06540203008987555,0.05549119684693568,0.06161437935289567,0.054669769871644916,0.06223983725044966,0.0612202367883236,0.06078843482790472,0.04552858829886981,0.04737476944150158,0.04873132276151595,0.07169306136097305,0.05518479596718427,0.05876844523715896,0.05291574337098022,0.052908995677861115,0.08762725152251595,0.06283958408537282,0.04601068801345282,0.04861380651588314,0.04910480423229793,0.07716027328439826,0.057528222944786586,0.05041580022971659,0.04243545280014332,0.05070472142837812
0.875,0.05394415903667364,0.05246582398104758,0.05662176177043917,0.05529468804575707,0.05877522864250081,0.06375364778008684,0.05067244191092919,0.06064757640800349,0.060165558368053436,0.052759489767481585,0.05700645488950986,0.052106437113945414,0.05733281658461428,0.0568400107415343,0.056826306984572236,0.04493434874071684,0.04628632211764744,0.047299652505708376,0.06412750846731671,0.0521301839492906,0.05525143098091484,0.051011465526665314,0.05086428595875863,0.07698134207696546,0.05833040589773409,0.04536651413172972,0.04741648415837256,0.047833765156607734,0.06877940699783303,0.05406986061319358,0.048607543065179185,0.042372172620747564,0.04923346210154649
0.890625,0.05083466729426185,0.04994732775355598,0.05283374518827755,0.05177837010857452,0.05428553855395325,0.05838885585334419,0.049185312012929056,0.05628063495857957,0.055810243912279844,0.05048049921668041,0.053220389289799955,0.04993356659861212,0.05341939539932624,0.05317555791083273,0.05344402036986798,0.04440333877050001,0.04533977231317931,0.0460856914161864,0.05800854840454296,0.049627936593270375,0.052298073421877256,0.049341462353444915,0.04916109473933534,0.06796954633500193,0.054562641572364554,0.044791720924937065,0.046353987142170566,0.04669787409662912,0.061777746544783456,0.051180873517361544,0.047016853956510035,0.04232062462104024,0.047939171828601336
0.90625,0.0483425100555189,0.04787417432935934,0.04984767419385351,0.04899210121614955,0.05075210214407695,0.054034827429872194,0.047899628733888866,0.05273972611805637,0.05236813349023635,0.048603133992061974,0.05019525055276099,0.048096403321846684,0.05035714759693896,0.050173176121100706,0.050493092470701544,0.04390276227894979,0.044533798245515094,0.045059647516779135,0.05315915876963566,0.04757162118023485,0.04988855878608915,0.04789811089693682,0.047740365908809854,0.060589995382558076,0.051503323279118746,0.04428653081198236,0.04543058879718117,0.045712292847821454,0.05601440430148014,0.04884211719067391,0.045704322426118826,0.04227958848361535,0.046834741115290866
0.921875,0.046394480196060794,0.046216929683055206,0.04751973221543994,0.0468953579192303,0.04799156885336273,0.05063260872397686,0.046806331414011186,0.04997042183845724,0.049696756866585846,0.04709398466052916,0.04781719859355221,0.046595115837077566,0.048018333008495444,0.04782893804133676,0.048077628357176244,0.04346279921354065,0.04386494067467398,0.044229816300334235,0.04942999325389933,0.04590878422448943,0.04798823911461539,0.04667489642742095,0.046570649817132735,0.054884960903599594,0.04907384495516369,0.04385961710790465,0.044670771301222725,0.044895257825705616,0.051468913937856395,0.046964909952976114,0.044630957221201334,0.0422520736139239,0.045908188121880585
0.9375,0.044930684774344046,0.04495341734557353,0.0457557270873753,0.0453597264349021,0.045857060804055536,0.04807919740757813,0.04591424026356003,0.04782193430312305,0.047672890850589913,0.045939984434308793,0.0459876016568282,0.045398960730838885,0.04623079405060054,0.046105096404275556,0.04616591574324913,0.04309493146680122,0.04332706618899552,0.04357073370990812,0.04665239266270123,0.044634856014988046,0.0465018372061499,0.04568640252275932,0.045626142129523733,0.05063565124618359,0.04717331396122591,0.04350903780967969,0.044063705757471885,0.044226694566681095,0.04808223170982666,0.04546827104632571,0.04378366479544309,0.04223273751890519,0.0451549455310729
0.953125,0.04383490765043458,0.04402600688699126,0.04448139225180435,0.04425894461102717,0.0442860125670209,0.046235782028980196,0.04523312767481029,0.04627846830686487,0.04620476998087166,0.04507442657417787,0.04464376474768218,0.04447205887432416,0.044923473240256376,0.04486078532678312,0.044754202631206025,0.04280897685243499,0.04291350730232525,0.04306730090259869,0.0446688407242111,0.043672976296991635,0.04537559757490377,0.044909402029145014,0.04491327950229494,0.04761190748902357,0.04576568025192511,0.04322797789934284,0.04357323602128885,0.04369521536776827,0.04567643346413764,0.04434074501155664,0.043155955892062184,0.04222268287143287,0.044569920170313214
0.96875,0.043080422332298,0.04338903504894934,0.04364375481360921,0.04352920794269089,0.043225619231090986,0.04499596481492257,0.044745635334442105,0.04523196774712133,0.045194692275025726,0.04447119948012658,0.043725277716438006,0.04380449542713645,0.04403094580543848,0.04400149122216388,0.0437351260858764,0.04260712934464431,0.04261784711813259,0.04271675238366004,0.0433279406492155,0.04300306457340175,0.044587865849027145,0.04434992233060722,0.04440538712726748,0.0455768569305155,0.04479414721584307,0.04302475431582261,0.043202399920898076,0.04329780805089453,0.044053255421874576,0.043540804355113275,0.04272182894463941,0.04222277589266727,0.0441474612023368
0.984375,0.042650248005739654,0.04302236414420434,0.04316482779297058,0.04311480228903121,0.04264630444750983,0.04426409636680141,0.0444449619199365,0.04463511126730395,0.04460405223927559,0.0441119090931361,0.043161390694882965,0.04338518656874459,0.043489429377320726,0.043483349330846584,0.043127642529724265,0.04248708666176807,0.04245076604580366,0.042530469867115284,0.042570840874289494,0.042618424109174616,0.04410794248002556,0.044017103124849716,0.04408988511235212,0.04433743805751348,0.04420943719515079,0.04290762835215163,0.04296013298532688,0.043036000658366186,0.043125625779671745,0.04307038388519868,0.04248025568765762,0.042233175754271206,0.0438788811652306
1.0,0.04253243819638903,0.04291478110786093,0.0430406629442347,0.04299458290046929,0.042507109753990975,0.043997869334733576,0.04432278374633106,0.044433477161129525,0.044392806707922554,0.04397729027218829,0.04294392086719991,0.04322364878725715,0.04332253481167385,0.04328606403222368,0.042927124353539035,0.04245019988968065,0.04240308268636739,0.04250721042261067,0.04234254708304061,0.04251077001899967,0.043931750488783165,0.04389494060732162,0.04397737171515548,0.04384924935212877,0.04398025334481333,0.04289067243825272,0.04286214221535721,0.042927190468852724,0.04282844798481894,0.04292953167197816,0.04243177206298101,0.04225215780382044,0.04378652048241947
